-- Adminer 5.3.0 PostgreSQL 16.13 dump

\connect "bot_smart_data";

DROP FUNCTION IF EXISTS "set_updated_at";;
CREATE FUNCTION "set_updated_at" () RETURNS trigger LANGUAGE plpgsql AS '
BEGIN
  NEW.updated_at = now();
  RETURN NEW;
END;
';

DROP TABLE IF EXISTS "batches";
DROP SEQUENCE IF EXISTS batches_id_seq;
CREATE SEQUENCE batches_id_seq INCREMENT 1 MINVALUE 1 MAXVALUE 2147483647 CACHE 1;

CREATE TABLE "public"."batches" (
    "id" integer DEFAULT nextval('batches_id_seq') NOT NULL,
    "user_id" integer NOT NULL,
    "friendly_name" text,
    "status" text DEFAULT 'draft' NOT NULL,
    "created_at" timestamptz DEFAULT now(),
    "confirmed_at" timestamptz,
    "kind" entry_kind DEFAULT expense NOT NULL,
    CONSTRAINT "batches_pkey" PRIMARY KEY ("id")
)
WITH (oids = false);

CREATE INDEX idx_batches_user_status ON public.batches USING btree (user_id, status);

CREATE INDEX idx_batches_user_confirmed ON public.batches USING btree (user_id, status, confirmed_at);

INSERT INTO "batches" ("id", "user_id", "friendly_name", "status", "created_at", "confirmed_at", "kind") VALUES
(66,	144,	'Manual web',	'confirmed',	'2026-01-15 04:50:04.406179-05',	'2026-01-15 04:50:04.406179-05',	'expense'),
(67,	144,	'Manual web',	'confirmed',	'2026-01-15 04:53:00.775379-05',	'2026-01-15 04:53:00.775379-05',	'income'),
(68,	144,	'Manual web',	'confirmed',	'2026-01-15 04:54:32.861143-05',	'2026-01-15 04:54:32.861143-05',	'income'),
(69,	144,	'Manual web',	'confirmed',	'2026-01-15 04:55:06.233099-05',	'2026-01-15 04:55:06.233099-05',	'income'),
(70,	144,	'Manual web',	'confirmed',	'2026-01-15 04:55:26.874444-05',	'2026-01-15 04:55:26.874444-05',	'income'),
(71,	144,	'Manual web',	'confirmed',	'2026-01-15 05:00:23.871739-05',	'2026-01-15 05:00:23.871739-05',	'income'),
(159,	1,	'Manual web',	'confirmed',	'2026-02-04 21:28:09.221008-05',	'2026-02-04 21:28:09.221008-05',	'expense'),
(72,	144,	'Primera compra',	'confirmed',	'2026-01-15 05:01:20.338519-05',	'2026-01-15 05:02:04.090476-05',	'expense'),
(125,	119,	'Venta del 29-01-26',	'confirmed',	'2026-01-29 19:28:39.010151-05',	'2026-01-29 20:25:52.008567-05',	'income'),
(102,	119,	'Venta del 16-01-26',	'confirmed',	'2026-01-26 18:47:59.712966-05',	'2026-01-26 18:48:56.310457-05',	'income'),
(42,	1,	'Manual web',	'confirmed',	'2026-01-14 19:52:10.930263-05',	'2026-01-14 19:52:10.930263-05',	'income'),
(103,	119,	'Gastos del 26-01-26',	'confirmed',	'2026-01-26 18:49:40.3218-05',	'2026-01-26 18:51:31.761938-05',	'expense'),
(45,	1,	'Manual web',	'confirmed',	'2026-01-14 20:03:37.917719-05',	'2026-01-14 20:03:37.917719-05',	'expense'),
(75,	119,	'Venta del 15 de enero del 2025',	'confirmed',	'2026-01-15 18:42:42.796454-05',	'2026-01-15 20:21:41.958829-05',	'income'),
(77,	1,	'Ventas ficticia',	'confirmed',	'2026-01-16 10:00:31.143444-05',	'2026-01-16 10:01:10.106329-05',	'income'),
(48,	119,	'Venta adicional 14/01/2026',	'confirmed',	'2026-01-14 20:37:06.505555-05',	'2026-01-14 20:38:52.756903-05',	'income'),
(107,	1,	'Manual web',	'confirmed',	'2026-01-26 19:15:58.549037-05',	'2026-01-26 19:15:58.549037-05',	'expense'),
(79,	119,	'Venta del 16-01-26',	'confirmed',	'2026-01-16 17:31:25.07111-05',	'2026-01-16 20:45:24.878195-05',	'income'),
(80,	119,	'Gastos varios del 16-01-26',	'confirmed',	'2026-01-16 20:45:52.958964-05',	'2026-01-16 20:47:46.850851-05',	'expense'),
(50,	119,	'Gastos de comida, incienso y Poet',	'confirmed',	'2026-01-14 20:40:33.499194-05',	'2026-01-14 20:41:22.65378-05',	'expense'),
(36,	119,	'Venta 14/01/2026',	'confirmed',	'2026-01-14 16:10:43.827422-05',	'2026-01-14 20:36:36.408775-05',	'income'),
(82,	1,	'Manual web',	'confirmed',	'2026-01-16 21:31:30.897423-05',	'2026-01-16 21:31:30.897423-05',	'expense'),
(53,	1,	'Manual web',	'confirmed',	'2026-01-14 22:00:48.90956-05',	'2026-01-14 22:00:48.90956-05',	'expense'),
(84,	119,	'Venta del 17-01-26',	'confirmed',	'2026-01-17 16:22:20.972083-05',	'2026-01-17 22:01:00.321766-05',	'income'),
(108,	119,	'Venta de 27-01-26',	'confirmed',	'2026-01-27 17:39:42.091593-05',	'2026-01-27 19:59:41.517869-05',	'income'),
(87,	119,	'Venta del 19/01/26',	'confirmed',	'2026-01-19 19:02:12.602777-05',	'2026-01-19 20:29:03.314443-05',	'income'),
(88,	119,	'Gastos varios del 19/01/26',	'confirmed',	'2026-01-19 20:29:24.2059-05',	'2026-01-19 20:29:51.373627-05',	'expense'),
(89,	1,	'Manual web',	'confirmed',	'2026-01-19 21:54:20.214062-05',	'2026-01-19 21:54:20.214062-05',	'income'),
(91,	119,	'1 Short 65 soles',	'confirmed',	'2026-01-20 19:51:40.263927-05',	'2026-01-20 19:52:11.33875-05',	'income'),
(110,	1,	'Manual web',	'confirmed',	'2026-01-27 20:35:45.599576-05',	'2026-01-27 20:35:45.599576-05',	'income'),
(92,	119,	'Venta del 20/01/26',	'confirmed',	'2026-01-20 19:53:02.608835-05',	'2026-01-20 19:54:08.864932-05',	'income'),
(93,	119,	'Gastos del 20/01/26',	'confirmed',	'2026-01-20 19:54:27.250943-05',	'2026-01-20 19:54:49.314323-05',	'expense'),
(113,	1,	'Manual web',	'confirmed',	'2026-01-28 11:06:58.577086-05',	'2026-01-28 11:06:58.577086-05',	'income'),
(94,	119,	'Venta del 21/01/26',	'confirmed',	'2026-01-21 19:37:36.698917-05',	'2026-01-21 20:15:23.166703-05',	'income'),
(95,	119,	'Gastos varios del 21/01/26',	'confirmed',	'2026-01-21 20:15:35.345495-05',	'2026-01-21 20:16:24.189699-05',	'expense'),
(96,	119,	'Venta del 22/01/26',	'confirmed',	'2026-01-22 17:44:16.295948-05',	'2026-01-22 19:50:16.753956-05',	'income'),
(97,	119,	'Gasto del 22/01/26',	'confirmed',	'2026-01-22 20:20:41.128331-05',	'2026-01-22 20:21:04.965325-05',	'expense'),
(98,	119,	'Venta del 23/01/26',	'confirmed',	'2026-01-23 18:36:31.058364-05',	'2026-01-23 21:03:18.988785-05',	'income'),
(99,	119,	'Gasto del 23/01/26',	'confirmed',	'2026-01-23 21:03:39.718339-05',	'2026-01-23 21:04:47.882064-05',	'expense'),
(100,	119,	'Venta del 24-01-26',	'confirmed',	'2026-01-24 18:40:22.539191-05',	'2026-01-26 18:19:56.045858-05',	'income'),
(115,	1,	'Manual web',	'confirmed',	'2026-01-28 13:25:27.635596-05',	'2026-01-28 13:25:27.635596-05',	'expense'),
(116,	1,	'Manual web',	'confirmed',	'2026-01-28 13:26:04.473687-05',	'2026-01-28 13:26:04.473687-05',	'income'),
(117,	119,	'Venta del 28-01-26',	'confirmed',	'2026-01-28 19:15:47.657002-05',	'2026-01-28 20:16:45.866676-05',	'income'),
(118,	119,	'Gasto del 28-01-26',	'confirmed',	'2026-01-28 20:17:08.013976-05',	'2026-01-28 20:17:38.064615-05',	'expense'),
(119,	1,	'Manual web',	'confirmed',	'2026-01-28 21:20:26.379431-05',	'2026-01-28 21:20:26.379431-05',	'income'),
(120,	1,	'Manual web',	'confirmed',	'2026-01-28 21:21:29.61187-05',	'2026-01-28 21:21:29.61187-05',	'income'),
(121,	1,	'Manual web',	'confirmed',	'2026-01-28 21:23:46.41173-05',	'2026-01-28 21:23:46.41173-05',	'expense'),
(122,	1,	'Manual web',	'confirmed',	'2026-01-28 21:26:56.538672-05',	'2026-01-28 21:26:56.538672-05',	'expense'),
(130,	119,	'Gastos del 30-01-26',	'confirmed',	'2026-01-30 21:29:48.305422-05',	'2026-01-30 21:30:58.299554-05',	'expense'),
(127,	1,	'Manual web',	'confirmed',	'2026-01-29 20:48:42.274508-05',	'2026-01-29 20:48:42.274508-05',	'income'),
(129,	119,	'Venta del 30-01-26',	'confirmed',	'2026-01-30 18:46:08.226001-05',	'2026-01-30 21:29:09.366892-05',	'income'),
(131,	119,	'Venta del 31-01-26',	'confirmed',	'2026-01-31 17:45:58.836445-05',	'2026-01-31 21:32:34.820256-05',	'income'),
(133,	1,	'Manual web',	'confirmed',	'2026-01-31 21:51:02.419638-05',	'2026-01-31 21:51:02.419638-05',	'income'),
(134,	1,	'Manual web',	'confirmed',	'2026-01-31 21:53:24.482712-05',	'2026-01-31 21:53:24.482712-05',	'income'),
(135,	1,	'Manual web',	'confirmed',	'2026-01-31 21:56:37.296092-05',	'2026-01-31 21:56:37.296092-05',	'income'),
(138,	1,	'Manual web',	'confirmed',	'2026-01-31 22:28:43.788696-05',	'2026-01-31 22:28:43.788696-05',	'expense'),
(140,	1,	'Manual web',	'confirmed',	'2026-02-01 00:15:25.808252-05',	'2026-02-01 00:15:25.808252-05',	'income'),
(141,	1,	'Manual web',	'confirmed',	'2026-02-01 00:18:00.316365-05',	'2026-02-01 00:18:00.316365-05',	'expense'),
(43,	1,	'Manual web',	'confirmed',	'2026-01-14 19:54:14.315345-05',	'2026-01-14 19:54:14.315345-05',	'income'),
(58,	1,	'Manual web',	'confirmed',	'2026-01-15 03:08:02.007912-05',	'2026-01-15 03:08:02.007912-05',	'income'),
(112,	1,	'Manual web',	'confirmed',	'2026-01-28 11:06:06.086191-05',	'2026-01-28 11:06:06.086191-05',	'expense'),
(59,	1,	'Manual web',	'confirmed',	'2026-01-15 03:11:15.827884-05',	'2026-01-15 03:11:15.827884-05',	'income'),
(85,	119,	'Gastos varios del 17-01-26',	'confirmed',	'2026-01-17 22:01:42.687899-05',	'2026-01-17 22:04:04.60543-05',	'expense'),
(60,	1,	'Manual web',	'confirmed',	'2026-01-15 03:12:17.574631-05',	'2026-01-15 03:12:17.574631-05',	'income'),
(57,	1,	'Manual web',	'confirmed',	'2026-01-15 02:46:48.003219-05',	'2026-01-15 02:46:48.003219-05',	'income'),
(83,	1,	'Manual web',	'confirmed',	'2026-01-16 21:50:50.39841-05',	'2026-01-16 21:50:50.39841-05',	'income'),
(56,	1,	'Manual web',	'confirmed',	'2026-01-15 02:08:17.353212-05',	'2026-01-15 02:08:17.353212-05',	'income'),
(55,	1,	'Manual web',	'confirmed',	'2026-01-15 02:07:37.080998-05',	'2026-01-15 02:07:37.080998-05',	'expense'),
(73,	1,	'Costo de envio',	'confirmed',	'2026-01-15 11:19:20.130849-05',	'2026-01-15 11:19:42.843367-05',	'expense'),
(78,	1,	'Pago envio currier',	'confirmed',	'2026-01-16 11:31:55.846012-05',	'2026-01-16 11:32:39.414774-05',	'expense'),
(76,	119,	'Gastos varios',	'confirmed',	'2026-01-15 20:23:21.259887-05',	'2026-01-15 20:24:05.415357-05',	'expense'),
(105,	1,	'Manual web',	'confirmed',	'2026-01-26 19:12:42.03839-05',	'2026-01-26 19:12:42.03839-05',	'expense'),
(44,	1,	'Manual web',	'confirmed',	'2026-01-14 20:02:33.845833-05',	'2026-01-14 20:02:33.845833-05',	'expense'),
(101,	119,	'Gastos del 24-01-26',	'confirmed',	'2026-01-26 18:37:58.602318-05',	'2026-01-26 18:40:53.459746-05',	'expense'),
(90,	1,	'Manual web',	'confirmed',	'2026-01-19 22:38:34.460364-05',	'2026-01-19 22:38:34.460364-05',	'expense'),
(104,	1,	'Manual web',	'confirmed',	'2026-01-26 19:10:41.060587-05',	'2026-01-26 19:10:41.060587-05',	'expense'),
(132,	119,	'Gastos varios del 31-01-26',	'confirmed',	'2026-01-31 21:32:52.707708-05',	'2026-01-31 21:35:08.984819-05',	'expense'),
(106,	1,	'Manual web',	'confirmed',	'2026-01-26 19:13:08.806582-05',	'2026-01-26 19:13:08.806582-05',	'expense'),
(139,	1,	'Manual web',	'confirmed',	'2026-01-31 22:50:44.624267-05',	'2026-01-31 22:50:44.624267-05',	'expense'),
(109,	119,	'Gastos del 27-01-26',	'confirmed',	'2026-01-27 19:59:55.570135-05',	'2026-01-27 20:01:03.198876-05',	'expense'),
(111,	119,	'Gasto del 27-01-26',	'confirmed',	'2026-01-27 20:37:56.932504-05',	'2026-01-27 20:38:23.593095-05',	'expense'),
(128,	1,	'Recojo de 2 bultos',	'confirmed',	'2026-01-30 14:09:01.405948-05',	'2026-01-30 14:09:36.404012-05',	'expense'),
(137,	1,	'Manual web',	'confirmed',	'2026-01-31 22:08:50.591593-05',	'2026-01-31 22:08:50.591593-05',	'expense'),
(124,	1,	'Compra de luis',	'confirmed',	'2026-01-29 13:55:24.752142-05',	'2026-01-29 13:55:47.957982-05',	'expense'),
(86,	1,	'Manual web',	'confirmed',	'2026-01-17 22:27:15.404181-05',	'2026-01-17 22:27:15.404181-05',	'expense'),
(126,	119,	'Gastos varios del 29-01-26',	'confirmed',	'2026-01-29 20:26:10.757688-05',	'2026-01-29 20:28:14.230194-05',	'expense'),
(114,	1,	'Manual web',	'confirmed',	'2026-01-28 11:12:28.541139-05',	'2026-01-28 11:12:28.541139-05',	'expense'),
(46,	1,	'Manual web',	'confirmed',	'2026-01-14 20:05:49.328499-05',	'2026-01-14 20:05:49.328499-05',	'expense'),
(142,	1,	'Manual web',	'confirmed',	'2026-02-01 00:22:53.917788-05',	'2026-02-01 00:22:53.917788-05',	'income'),
(143,	1,	'Manual web',	'confirmed',	'2026-02-01 00:23:06.768419-05',	'2026-02-01 00:23:06.768419-05',	'income'),
(144,	1,	'Manual web',	'confirmed',	'2026-02-01 00:23:22.530448-05',	'2026-02-01 00:23:22.530448-05',	'income'),
(145,	1,	'Manual web',	'confirmed',	'2026-02-01 00:26:01.117607-05',	'2026-02-01 00:26:01.117607-05',	'expense'),
(146,	1,	'Manual web',	'confirmed',	'2026-02-01 00:26:23.215563-05',	'2026-02-01 00:26:23.215563-05',	'expense'),
(147,	1,	'Manual web',	'confirmed',	'2026-02-01 00:29:38.295508-05',	'2026-02-01 00:29:38.295508-05',	'expense'),
(148,	1,	'Manual web',	'confirmed',	'2026-02-01 00:29:47.936162-05',	'2026-02-01 00:29:47.936162-05',	'expense'),
(149,	1,	'Manual web',	'confirmed',	'2026-02-01 01:04:04.275736-05',	'2026-02-01 01:04:04.275736-05',	'expense'),
(150,	1,	'Manual web',	'confirmed',	'2026-02-01 01:07:39.96901-05',	'2026-02-01 01:07:39.96901-05',	'expense'),
(157,	119,	'Venta del 04-02-26',	'confirmed',	'2026-02-04 20:02:21.449473-05',	'2026-02-04 21:23:03.631557-05',	'income'),
(158,	119,	'Gastos del 04-02-26',	'confirmed',	'2026-02-04 21:23:12.993246-05',	'2026-02-04 21:23:51.969487-05',	'expense'),
(160,	1,	'Manual web',	'confirmed',	'2026-02-04 21:44:47.238933-05',	'2026-02-04 21:44:47.238933-05',	'expense'),
(161,	119,	'Venta del 05-02-26',	'confirmed',	'2026-02-05 18:16:23.811911-05',	'2026-02-05 20:24:47.742793-05',	'income'),
(136,	119,	'Gasto del 31-01-26',	'confirmed',	'2026-01-31 22:00:20.371603-05',	'2026-01-31 22:00:39.641894-05',	'expense'),
(162,	119,	'Gasto del 05-02-26',	'confirmed',	'2026-02-05 20:24:58.25513-05',	'2026-02-05 20:25:33.439706-05',	'expense'),
(209,	119,	'Gastos del 23-02-26',	'confirmed',	'2026-02-23 20:06:08.024102-05',	'2026-02-23 20:08:00.776327-05',	'expense'),
(164,	119,	'Venta del 06-02-26',	'confirmed',	'2026-02-06 17:35:05.626531-05',	'2026-02-06 20:16:08.770998-05',	'income'),
(123,	1,	'Compras de luis',	'confirmed',	'2026-01-29 13:52:26.501207-05',	'2026-01-29 13:54:06.669922-05',	'expense'),
(153,	119,	'Venta del 02-02-26',	'confirmed',	'2026-02-02 18:38:36.289831-05',	'2026-02-02 20:24:15.118747-05',	'income'),
(165,	119,	'Gasto del 06-02-26',	'confirmed',	'2026-02-06 20:16:25.82113-05',	'2026-02-06 20:16:52.897613-05',	'expense'),
(154,	119,	'Gastos del 02-02-26',	'confirmed',	'2026-02-02 20:24:28.793168-05',	'2026-02-02 20:25:54.69193-05',	'expense'),
(155,	119,	'Venta del 03-02-26',	'confirmed',	'2026-02-03 18:27:06.389022-05',	'2026-02-03 20:42:39.593817-05',	'income'),
(156,	119,	'Gasto del 03-02-26',	'confirmed',	'2026-02-03 20:43:17.189457-05',	'2026-02-03 20:43:38.277336-05',	'expense'),
(185,	119,	'Ventas del 12-02-26',	'confirmed',	'2026-02-12 19:55:31.512252-05',	'2026-02-12 20:14:16.052205-05',	'income'),
(166,	119,	'Venta del 07-01-26',	'confirmed',	'2026-02-07 18:09:18.092466-05',	'2026-02-07 21:20:04.857961-05',	'income'),
(186,	119,	'Gasto del 12-02-26',	'confirmed',	'2026-02-12 20:14:35.563893-05',	'2026-02-12 20:16:09.090834-05',	'expense'),
(169,	1,	'Pago a don willyan de local',	'confirmed',	'2026-02-09 19:17:55.166255-05',	'2026-02-09 19:18:45.109989-05',	'expense'),
(168,	119,	'Gasto del 07-02-26',	'confirmed',	'2026-02-07 21:43:02.87084-05',	'2026-02-07 21:43:17.618876-05',	'expense'),
(206,	119,	'Ventas del 21-02-26',	'confirmed',	'2026-02-21 17:44:22.144673-05',	'2026-02-23 18:21:06.763042-05',	'income'),
(187,	119,	'Venta del 13-02-26',	'confirmed',	'2026-02-13 17:38:15.555794-05',	'2026-02-13 20:07:36.471042-05',	'income'),
(188,	119,	'Gasto del 13-02-26',	'confirmed',	'2026-02-13 20:07:43.778952-05',	'2026-02-13 20:07:56.03215-05',	'expense'),
(167,	119,	'Gasto del 07-02-26',	'confirmed',	'2026-02-07 21:21:01.614845-05',	'2026-02-07 21:35:19.16322-05',	'expense'),
(163,	1,	'Manual web',	'confirmed',	'2026-02-05 22:16:26.513546-05',	'2026-02-05 22:16:26.513546-05',	'income'),
(172,	1,	'Manual web',	'confirmed',	'2026-02-09 20:06:09.351022-05',	'2026-02-09 20:06:09.351022-05',	'income'),
(189,	119,	'Venta del 14-02-26',	'confirmed',	'2026-02-14 18:37:42.672117-05',	'2026-02-14 21:19:37.668955-05',	'income'),
(173,	119,	'Venta del 09-02-26',	'confirmed',	'2026-02-09 20:18:22.441879-05',	'2026-02-09 20:23:50.367771-05',	'income'),
(190,	119,	'Venta del 14-02-26',	'confirmed',	'2026-02-14 21:19:48.032206-05',	'2026-02-14 21:22:25.040277-05',	'expense'),
(174,	119,	'Gastos del 09-02-26',	'confirmed',	'2026-02-09 20:24:02.309029-05',	'2026-02-09 20:25:12.924871-05',	'expense'),
(175,	1,	'Manual web',	'confirmed',	'2026-02-09 20:36:55.432543-05',	'2026-02-09 20:36:55.432543-05',	'expense'),
(176,	1,	'Manual web',	'confirmed',	'2026-02-09 22:21:29.906264-05',	'2026-02-09 22:21:29.906264-05',	'expense'),
(170,	1,	'Manual web',	'confirmed',	'2026-02-09 19:45:09.842708-05',	'2026-02-09 19:45:09.842708-05',	'expense'),
(177,	1,	'Manual web',	'confirmed',	'2026-02-09 22:41:13.589723-05',	'2026-02-09 22:41:13.589723-05',	'income'),
(191,	1,	'Manual web',	'confirmed',	'2026-02-16 07:08:15.39187-05',	'2026-02-16 07:08:15.39187-05',	'expense'),
(192,	1,	'Manual web',	'confirmed',	'2026-02-16 07:11:27.192367-05',	'2026-02-16 07:11:27.192367-05',	'expense'),
(193,	1,	'Manual web',	'confirmed',	'2026-02-16 07:14:29.70739-05',	'2026-02-16 07:14:29.70739-05',	'expense'),
(194,	1,	'Manual web',	'confirmed',	'2026-02-16 07:15:26.591307-05',	'2026-02-16 07:15:26.591307-05',	'expense'),
(195,	1,	'Manual web',	'confirmed',	'2026-02-16 07:17:13.154343-05',	'2026-02-16 07:17:13.154343-05',	'expense'),
(152,	1,	'Manual web',	'confirmed',	'2026-02-01 17:41:48.656069-05',	'2026-02-01 17:41:48.656069-05',	'expense'),
(151,	1,	'Manual web',	'confirmed',	'2026-02-01 17:41:16.032418-05',	'2026-02-01 17:41:16.032418-05',	'expense'),
(178,	1,	'Manual web',	'confirmed',	'2026-02-09 23:09:56.644477-05',	'2026-02-09 23:09:56.644477-05',	'expense'),
(179,	1,	'Manual web',	'confirmed',	'2026-02-09 23:16:17.97834-05',	'2026-02-09 23:16:17.97834-05',	'expense'),
(180,	1,	'Manual web',	'confirmed',	'2026-02-09 23:32:58.367831-05',	'2026-02-09 23:32:58.367831-05',	'expense'),
(171,	1,	'Manual web',	'confirmed',	'2026-02-09 20:04:41.79714-05',	'2026-02-09 20:04:41.79714-05',	'expense'),
(181,	119,	'Venta del 10 -02-26',	'confirmed',	'2026-02-10 17:58:19.634805-05',	'2026-02-10 20:09:42.9361-05',	'income'),
(182,	119,	'Gasto del 10-02-26',	'confirmed',	'2026-02-10 20:09:59.584273-05',	'2026-02-10 20:12:20.428901-05',	'expense'),
(183,	119,	'Venta del 11-02-26',	'confirmed',	'2026-02-11 18:30:10.607375-05',	'2026-02-11 20:21:22.84444-05',	'income'),
(184,	119,	'Gasto del 11-02-26',	'confirmed',	'2026-02-11 20:21:33.515747-05',	'2026-02-11 20:25:01.867605-05',	'expense'),
(196,	119,	'Venta del 16-02-26',	'confirmed',	'2026-02-16 19:23:52.150924-05',	'2026-02-16 20:19:40.569444-05',	'income'),
(197,	119,	'Gasto del 16-02-26',	'confirmed',	'2026-02-16 20:19:48.416031-05',	'2026-02-16 20:20:03.554247-05',	'expense'),
(198,	119,	'Venta del 17-02-26',	'confirmed',	'2026-02-17 19:18:21.096709-05',	'2026-02-17 20:40:34.944194-05',	'income'),
(199,	119,	'Gasto del 17-02-26',	'confirmed',	'2026-02-17 20:40:45.339977-05',	'2026-02-17 20:41:31.559422-05',	'expense'),
(200,	119,	'Venta del 18-02-26',	'confirmed',	'2026-02-18 19:16:38.87072-05',	'2026-02-18 20:29:35.571628-05',	'income'),
(201,	119,	'Gasto del 18-02-26',	'confirmed',	'2026-02-18 20:29:46.885024-05',	'2026-02-18 20:30:04.931196-05',	'expense'),
(208,	119,	'Venta del 23-02-26',	'confirmed',	'2026-02-23 18:22:22.479173-05',	'2026-02-23 20:05:45.971364-05',	'income'),
(202,	119,	'Venta del 19-02-26',	'confirmed',	'2026-02-19 18:54:41.862318-05',	'2026-02-19 20:37:11.20915-05',	'income'),
(203,	119,	'Gasto del 19-02-26',	'confirmed',	'2026-02-19 20:37:18.183859-05',	'2026-02-19 20:37:35.145942-05',	'expense'),
(204,	119,	'Venta del 20-02-26',	'confirmed',	'2026-02-20 20:05:50.106122-05',	'2026-02-20 20:50:00.221324-05',	'income'),
(205,	119,	'Gasto 20-02-26',	'confirmed',	'2026-02-20 20:50:07.278102-05',	'2026-02-20 20:53:23.898823-05',	'expense'),
(210,	119,	'Venta del 23-02-26',	'confirmed',	'2026-02-23 20:23:22.305166-05',	'2026-02-23 20:24:14.6683-05',	'income'),
(216,	119,	'Venta del 26-02-26',	'confirmed',	'2026-02-26 22:28:02.671454-05',	'2026-02-26 22:32:47.137184-05',	'income'),
(207,	119,	'Gastos del 21-02-26',	'confirmed',	'2026-02-23 18:21:21.518924-05',	'2026-02-23 18:22:06.090441-05',	'expense'),
(212,	119,	'Venta del 24-02-26',	'confirmed',	'2026-02-24 18:45:53.682498-05',	'2026-02-24 19:49:07.140781-05',	'income'),
(213,	119,	'Gasto del 24-02-26',	'confirmed',	'2026-02-24 19:49:13.799879-05',	'2026-02-24 19:49:47.020133-05',	'expense'),
(214,	119,	'Venta del 25-02-26',	'confirmed',	'2026-02-25 18:38:08.091749-05',	'2026-02-25 21:21:49.418664-05',	'income'),
(211,	1,	'Gastos del viaje',	'confirmed',	'2026-02-24 13:36:05.455219-05',	'2026-02-24 14:21:28.297059-05',	'expense'),
(215,	119,	'Gasto del 25-02-26',	'confirmed',	'2026-02-25 21:22:01.335071-05',	'2026-02-25 21:22:33.416811-05',	'expense'),
(218,	119,	'Venta del 27-02-26',	'confirmed',	'2026-02-27 18:59:33.24692-05',	'2026-02-27 20:58:40.978094-05',	'income'),
(217,	119,	'Gasto del 26-02-26',	'confirmed',	'2026-02-26 22:33:17.442989-05',	'2026-02-26 22:33:34.78932-05',	'expense'),
(219,	119,	'Gastos del 27-02-26',	'confirmed',	'2026-02-27 20:59:31.809167-05',	'2026-02-27 21:00:27.254161-05',	'expense'),
(220,	119,	NULL,	'draft',	'2026-02-28 19:15:55.194333-05',	NULL,	'income'),
(221,	1233,	NULL,	'draft',	'2026-04-07 10:40:43.792323-05',	NULL,	'expense');

DROP TABLE IF EXISTS "items";
DROP SEQUENCE IF EXISTS items_id_seq;
CREATE SEQUENCE items_id_seq INCREMENT 1 MINVALUE 1 MAXVALUE 2147483647 CACHE 1;

CREATE TABLE "public"."items" (
    "id" integer DEFAULT nextval('items_id_seq') NOT NULL,
    "batch_id" integer NOT NULL,
    "description" text NOT NULL,
    "price" numeric(12,2) DEFAULT '0' NOT NULL,
    "item_datetime" timestamptz NOT NULL,
    "created_at" timestamptz DEFAULT now(),
    "payment_method" text DEFAULT 'cash' NOT NULL,
    "category" character varying(50) DEFAULT 'business',
    CONSTRAINT "items_pkey" PRIMARY KEY ("id"),
    CONSTRAINT "items_payment_method_chk" CHECK ((payment_method = ANY (ARRAY['cash'::text, 'yape'::text, 'plin'::text, 'transfer'::text, 'other'::text])))
)
WITH (oids = false);

CREATE INDEX idx_items_datetime ON public.items USING btree (item_datetime);

CREATE INDEX idx_items_batch ON public.items USING btree (batch_id);

INSERT INTO "items" ("id", "batch_id", "description", "price", "item_datetime", "created_at", "payment_method", "category") VALUES
(242,	48,	'1x polo',	50.00,	'2026-01-14 20:37:06-05',	'2026-01-14 20:37:11.085499-05',	'cash',	'business'),
(246,	50,	'3x menú',	27.00,	'2026-01-14 20:40:33-05',	'2026-01-14 20:40:46.274512-05',	'yape',	'business'),
(374,	94,	'1x polo (cash)',	50.00,	'2026-01-21 19:37:36-05',	'2026-01-21 19:37:45.306185-05',	'cash',	'business'),
(248,	50,	'1x postre',	3.50,	'2026-01-14 20:40:33-05',	'2026-01-14 20:40:46.274512-05',	'yape',	'business'),
(247,	50,	'1x incienso',	2.00,	'2026-01-14 20:40:33-05',	'2026-01-14 20:40:46.274512-05',	'yape',	'business'),
(276,	69,	'LO QUE TENIAS EN CAJA',	1200.00,	'2026-01-14 13:00:00-05',	'2026-01-15 04:55:06.233099-05',	'cash',	'business'),
(278,	71,	'para que completes 10k',	664.00,	'2026-01-14 13:00:00-05',	'2026-01-15 05:00:23.871739-05',	'yape',	'business'),
(375,	94,	'1x polo (cash)',	50.00,	'2026-01-21 19:37:53-05',	'2026-01-21 19:38:00.527372-05',	'cash',	'business'),
(296,	75,	'1 polo',	65.00,	'2026-01-15 19:50:22-05',	'2026-01-15 19:50:34.306816-05',	'cash',	'business'),
(298,	76,	'4x menú (cash)',	32.00,	'2026-01-15 20:23:21-05',	'2026-01-15 20:23:41.184135-05',	'yape',	'business'),
(305,	78,	'Pago a Tarapoto Courier Sac (servicio de courier) (yape)',	250.00,	'2026-01-16 11:27:00-05',	'2026-01-16 11:32:08.015004-05',	'yape',	'various'),
(299,	76,	'Motocar mercadería (cash)',	6.00,	'2026-01-15 20:23:00-05',	'2026-01-15 20:23:41.184135-05',	'yape',	'business'),
(301,	76,	'Lapicero (cash)',	1.00,	'2026-01-15 20:23:21-05',	'2026-01-15 20:23:41.184135-05',	'yape',	'business'),
(302,	76,	'Resaltador (cash)',	2.00,	'2026-01-15 20:23:21-05',	'2026-01-15 20:23:41.184135-05',	'yape',	'business'),
(303,	76,	'Agua F. (cash)',	1.00,	'2026-01-15 20:23:21-05',	'2026-01-15 20:23:41.184135-05',	'yape',	'business'),
(295,	75,	'1 polo',	45.00,	'2026-01-15 19:46:11-05',	'2026-01-15 19:46:17.934097-05',	'yape',	'business'),
(311,	79,	'1 zapatilla (yape)',	135.00,	'2026-01-16 17:34:27-05',	'2026-01-16 17:34:32.979216-05',	'yape',	'business'),
(312,	79,	'1x camisa (cash)',	80.00,	'2026-01-16 17:34:45-05',	'2026-01-16 17:34:53.824864-05',	'cash',	'business'),
(313,	79,	'1x pantalón (cash)',	90.00,	'2026-01-16 17:35:04-05',	'2026-01-16 17:35:08.706074-05',	'cash',	'business'),
(314,	79,	'1x polo (cash)',	50.00,	'2026-01-16 17:35:17-05',	'2026-01-16 17:35:22.15836-05',	'cash',	'business'),
(315,	79,	'1x camisa (yape)',	125.00,	'2026-01-16 17:35:38-05',	'2026-01-16 17:35:42.950758-05',	'yape',	'business'),
(316,	79,	'1x polo manga cero (yape)',	30.00,	'2026-01-16 17:36:07-05',	'2026-01-16 17:36:14.112216-05',	'yape',	'business'),
(317,	79,	'1x polo (cash)',	45.00,	'2026-01-16 17:36:27-05',	'2026-01-16 17:36:32.977768-05',	'cash',	'business'),
(318,	79,	'1x short (cash)',	65.00,	'2026-01-16 17:36:51-05',	'2026-01-16 17:36:57.821886-05',	'cash',	'business'),
(319,	79,	'1x polo (cash)',	48.00,	'2026-01-16 17:37:11-05',	'2026-01-16 17:37:17.158565-05',	'cash',	'business'),
(325,	79,	'1x casaca (cash)',	95.00,	'2026-01-16 19:50:41-05',	'2026-01-16 19:50:48.988876-05',	'cash',	'business'),
(326,	79,	'1x polera (cash)',	80.00,	'2026-01-16 19:50:58-05',	'2026-01-16 19:51:06.143785-05',	'cash',	'business'),
(327,	79,	'1x polo (cash)',	65.00,	'2026-01-16 19:51:18-05',	'2026-01-16 19:51:23.638557-05',	'cash',	'business'),
(328,	79,	'1x polo malla (cash)',	35.00,	'2026-01-16 19:51:42-05',	'2026-01-16 19:51:49.333302-05',	'cash',	'business'),
(329,	79,	'1x polo malla (yape)',	25.00,	'2026-01-16 19:52:07-05',	'2026-01-16 19:52:16.439839-05',	'yape',	'business'),
(332,	80,	'3x menú (cash)',	24.00,	'2026-01-16 20:45:52-05',	'2026-01-16 20:46:00.795935-05',	'cash',	'business'),
(333,	80,	'1x Poet (cash)',	3.50,	'2026-01-16 20:46:59-05',	'2026-01-16 20:47:08.071038-05',	'cash',	'business'),
(334,	80,	'1x lejia (cash)',	0.50,	'2026-01-16 20:47:22-05',	'2026-01-16 20:47:28.321602-05',	'cash',	'business'),
(338,	84,	'1x camisa (cash)',	95.00,	'2026-01-17 16:22:20-05',	'2026-01-17 16:22:29.752071-05',	'cash',	'business'),
(339,	84,	'1x polo (cash)',	50.00,	'2026-01-17 16:22:37-05',	'2026-01-17 16:22:44.043122-05',	'cash',	'business'),
(340,	84,	'1x pantalón (yape)',	95.00,	'2026-01-17 16:23:01-05',	'2026-01-17 16:23:08.337517-05',	'yape',	'business'),
(341,	84,	'1x casaca (yape)',	95.00,	'2026-01-17 16:23:34-05',	'2026-01-17 16:23:41.853302-05',	'yape',	'business'),
(342,	84,	'1x camisa (yape)',	75.00,	'2026-01-17 16:24:07-05',	'2026-01-17 16:24:13.731155-05',	'yape',	'business'),
(343,	84,	'1x short (cash)',	75.00,	'2026-01-17 16:24:36-05',	'2026-01-17 16:24:41.951001-05',	'cash',	'business'),
(353,	85,	'Bolsa (cash)',	12.00,	'2026-01-17 22:01:42-05',	'2026-01-17 22:01:47.743243-05',	'cash',	'business'),
(354,	85,	'Bolsa (cash)',	9.50,	'2026-01-17 22:02:00-05',	'2026-01-17 22:02:05.980636-05',	'cash',	'business'),
(355,	85,	'3x menú (cash)',	24.00,	'2026-01-17 22:02:19-05',	'2026-01-17 22:02:30.348041-05',	'cash',	'business'),
(359,	87,	'1x casaca (cash)',	98.00,	'2026-01-19 19:02:12-05',	'2026-01-19 19:02:19.898568-05',	'cash',	'business'),
(360,	87,	'1x short (cash)',	50.00,	'2026-01-19 19:02:33-05',	'2026-01-19 19:02:42.83885-05',	'cash',	'business'),
(361,	87,	'1 polo (yape)',	50.00,	'2026-01-19 19:03:12-05',	'2026-01-19 19:03:20.609715-05',	'yape',	'business'),
(362,	87,	'1x polo (yape)',	50.00,	'2026-01-19 19:03:32-05',	'2026-01-19 19:03:40.362017-05',	'yape',	'business'),
(366,	88,	'4x menú (cash)',	32.00,	'2026-01-19 20:29:24-05',	'2026-01-19 20:29:32.88976-05',	'cash',	'business'),
(376,	94,	'1x polo (cash)',	50.00,	'2026-01-21 19:38:08-05',	'2026-01-21 19:38:15.766176-05',	'cash',	'business'),
(377,	94,	'1 polo (cash)',	45.00,	'2026-01-21 19:38:28-05',	'2026-01-21 19:38:33.289595-05',	'cash',	'business'),
(380,	96,	'1x conjunto (yape)',	95.00,	'2026-01-22 17:44:16-05',	'2026-01-22 17:44:21.90739-05',	'yape',	'business'),
(381,	96,	'1x polo (yape)',	50.00,	'2026-01-22 17:44:46-05',	'2026-01-22 17:44:54.001775-05',	'yape',	'business'),
(382,	96,	'1 casaca (cash)',	115.00,	'2026-01-22 17:45:26-05',	'2026-01-22 17:45:33.916787-05',	'cash',	'business'),
(383,	96,	'1x polo (yape)',	38.00,	'2026-01-22 17:45:55-05',	'2026-01-22 17:46:03.458066-05',	'yape',	'business'),
(384,	96,	'1x polo (cash)',	50.00,	'2026-01-22 17:46:16-05',	'2026-01-22 17:46:22.022351-05',	'cash',	'business'),
(385,	96,	'Adelanto 1x conjunto (cash)',	50.00,	'2026-01-22 17:46:51-05',	'2026-01-22 17:46:59.606166-05',	'cash',	'business'),
(386,	96,	'Adelanto de un polo (cash)',	40.00,	'2026-01-22 17:47:22-05',	'2026-01-22 17:47:31.021893-05',	'cash',	'business'),
(391,	97,	'2x menú (S/8 c/u) (cash)',	16.00,	'2026-01-22 20:20:40-05',	'2026-01-22 20:20:50.044148-05',	'cash',	'business'),
(392,	98,	'1x conjunto (cash)',	90.00,	'2026-01-23 18:36:30-05',	'2026-01-23 18:36:37.304687-05',	'cash',	'business'),
(393,	98,	'1x short (cash)',	65.00,	'2026-01-23 18:38:33-05',	'2026-01-23 18:38:40.667754-05',	'cash',	'business'),
(394,	98,	'1x polo (cash)',	38.00,	'2026-01-23 18:39:17-05',	'2026-01-23 18:39:24.440275-05',	'cash',	'business'),
(395,	98,	'1x Short (yape)',	65.00,	'2026-01-23 18:39:58-05',	'2026-01-23 18:40:08.068171-05',	'yape',	'business'),
(396,	98,	'1x polo (yape)',	45.00,	'2026-01-23 18:41:06-05',	'2026-01-23 18:41:14.580944-05',	'yape',	'business'),
(399,	100,	'1x polo (cash)',	50.00,	'2026-01-24 18:40:22-05',	'2026-01-24 18:40:28.393208-05',	'cash',	'business'),
(400,	100,	'1x casaca (yape)',	110.00,	'2026-01-24 18:41:55-05',	'2026-01-24 18:42:08.621708-05',	'yape',	'business'),
(401,	100,	'1x polo (yape)',	50.00,	'2026-01-24 18:42:21-05',	'2026-01-24 18:42:29.708057-05',	'yape',	'business'),
(402,	100,	'1x polo (yape)',	50.00,	'2026-01-24 18:42:48-05',	'2026-01-24 18:42:56.231939-05',	'yape',	'business'),
(403,	100,	'1x polo (cash)',	50.00,	'2026-01-24 18:42:58-05',	'2026-01-24 18:43:04.320476-05',	'cash',	'business'),
(404,	100,	'1x short (cash)',	80.00,	'2026-01-24 18:43:19-05',	'2026-01-24 18:43:26.761638-05',	'cash',	'business'),
(405,	100,	'1x polo (cash)',	50.00,	'2026-01-24 18:43:36-05',	'2026-01-24 18:43:42.126064-05',	'cash',	'business'),
(406,	100,	'1x pantalón (cash)',	90.00,	'2026-01-24 18:44:01-05',	'2026-01-24 18:44:08.686944-05',	'cash',	'business'),
(409,	101,	'Comida (cash)',	16.00,	'2026-01-26 18:38:19-05',	'2026-01-26 18:38:24.314451-05',	'cash',	'business'),
(420,	108,	'1x polo (cash)',	75.00,	'2026-01-27 17:39:41-05',	'2026-01-27 17:39:50.761717-05',	'cash',	'business'),
(421,	108,	'1x polo (cash)',	50.00,	'2026-01-27 17:40:23-05',	'2026-01-27 17:40:28.705296-05',	'cash',	'business'),
(422,	108,	'1x polo (yape)',	45.00,	'2026-01-27 17:41:00-05',	'2026-01-27 17:41:06.106554-05',	'yape',	'business'),
(423,	108,	'1 polo (cash)',	50.00,	'2026-01-27 17:41:22-05',	'2026-01-27 17:41:27.647209-05',	'cash',	'business'),
(256,	58,	'MONTO QUE SE CONTABILIZO ANTES DEL VIAJE (LUIS)',	8000.00,	'2026-01-13 18:30:00-05',	'2026-01-15 03:08:02.007912-05',	'cash',	'capital'),
(357,	85,	'Pago recibido de Gael (cash)',	200.00,	'2026-01-17 22:03:00-05',	'2026-01-17 22:03:42.062035-05',	'cash',	'workers'),
(258,	60,	'MONTO ENTREGADO POR JADE A LUIS',	136.00,	'2026-01-13 18:30:00-05',	'2026-01-15 03:12:17.574631-05',	'cash',	'capital'),
(254,	56,	'CAMBIO DE YAPE A EFECTIVO (JADE)',	28.50,	'2026-01-14 13:00:00-05',	'2026-01-15 02:08:17.353212-05',	'cash',	'personal'),
(288,	73,	'Pago envío agencia (plin)',	310.00,	'2026-01-15 11:19:00-05',	'2026-01-15 11:19:27.807205-05',	'plin',	'various'),
(300,	76,	'Compra en ferretería (cash)',	18.00,	'2026-01-15 20:23:00-05',	'2026-01-15 20:23:41.184135-05',	'yape',	'various'),
(368,	90,	'YAPE A ROSITA (LUIS)',	28.00,	'2026-01-19 22:38:00-05',	'2026-01-19 22:38:34.460364-05',	'yape',	'various'),
(416,	104,	'Pago de luz (cash)',	135.00,	'2026-01-26 19:10:00-05',	'2026-01-26 19:10:41.060587-05',	'yape',	'various'),
(230,	44,	'COMPRA DE 3 PASAJES (LUIS, JOSE, JULY Y FELIX) - DESTINO DUBAI',	1143.00,	'2026-01-13 22:30:00-05',	'2026-01-14 20:02:33.845833-05',	'plin',	'capital'),
(410,	101,	'Pago recibido de Gael (cash)',	240.00,	'2026-01-26 18:38:00-05',	'2026-01-26 18:38:56.011487-05',	'cash',	'workers'),
(418,	106,	'Pago a Jade (cash)',	65.00,	'2026-01-26 19:13:00-05',	'2026-01-26 19:13:08.806582-05',	'cash',	'workers'),
(275,	68,	'ANTES DE TU VIAJE',	8000.00,	'2026-01-13 18:30:00-05',	'2026-01-15 04:54:32.861143-05',	'cash',	'business'),
(277,	70,	'LO QUE LA JADE TE DIO',	136.00,	'2026-01-13 18:30:00-05',	'2026-01-15 04:55:26.874444-05',	'cash',	'business'),
(279,	72,	'7x pantalones baggy Element (S/50 c/u) (cash)',	350.00,	'2026-01-15 05:01:20-05',	'2026-01-15 05:01:44.51187-05',	'cash',	'business'),
(280,	72,	'6x shorts London (S/48 c/u) (cash)',	288.00,	'2026-01-15 05:01:20-05',	'2026-01-15 05:01:44.51187-05',	'cash',	'business'),
(281,	72,	'3x conjuntos negros (short raya blanca) (S/50 c/u) (cash)',	150.00,	'2026-01-15 05:01:20-05',	'2026-01-15 05:01:44.51187-05',	'cash',	'business'),
(282,	72,	'3x casacas (S/70 c/u) (cash)',	210.00,	'2026-01-15 05:01:20-05',	'2026-01-15 05:01:44.51187-05',	'cash',	'business'),
(283,	72,	'20x camiseros (S/50 c/u) (cash)',	1000.00,	'2026-01-15 05:01:20-05',	'2026-01-15 05:01:44.51187-05',	'cash',	'business'),
(284,	72,	'9x camiseros (S/49 c/u) (cash)',	441.00,	'2026-01-15 05:01:20-05',	'2026-01-15 05:01:44.51187-05',	'cash',	'business'),
(285,	72,	'6x camiseros (S/45 c/u) (cash)',	270.00,	'2026-01-15 05:01:20-05',	'2026-01-15 05:01:44.51187-05',	'cash',	'business'),
(286,	72,	'4x camisas (S/50 c/u) (cash)',	200.00,	'2026-01-15 05:01:20-05',	'2026-01-15 05:01:44.51187-05',	'cash',	'business'),
(287,	72,	'8x camiseros (S/45 c/u) (cash)',	360.00,	'2026-01-15 05:01:20-05',	'2026-01-15 05:01:44.51187-05',	'cash',	'business'),
(289,	75,	'1x polo (cash)',	50.00,	'2026-01-15 18:42:42-05',	'2026-01-15 18:42:47.275531-05',	'cash',	'business'),
(290,	75,	'1x conjunto (yape)',	90.00,	'2026-01-15 18:43:14-05',	'2026-01-15 18:43:21.073048-05',	'yape',	'business'),
(291,	75,	'1x polo (cash)',	50.00,	'2026-01-15 18:43:32-05',	'2026-01-15 18:43:36.774062-05',	'cash',	'business'),
(292,	75,	'1x polo (yape)',	45.00,	'2026-01-15 18:43:53-05',	'2026-01-15 18:44:00.564644-05',	'yape',	'business'),
(293,	75,	'1x pantalón (cash)',	90.00,	'2026-01-15 18:44:23-05',	'2026-01-15 18:44:29.023591-05',	'cash',	'business'),
(294,	75,	'1x polo (cash)',	50.00,	'2026-01-15 18:44:46-05',	'2026-01-15 18:44:50.901214-05',	'cash',	'business'),
(371,	92,	'1x polo (cash)',	45.00,	'2026-01-20 19:53:28-05',	'2026-01-20 19:53:33.280939-05',	'cash',	'business'),
(306,	79,	'1x polo (cash)',	50.00,	'2026-01-16 17:31:24-05',	'2026-01-16 17:31:30.579932-05',	'cash',	'business'),
(307,	79,	'1x polo (cash)',	45.00,	'2026-01-16 17:31:45-05',	'2026-01-16 17:31:51.942168-05',	'cash',	'business'),
(308,	79,	'1x polo (yape)',	50.00,	'2026-01-16 17:32:15-05',	'2026-01-16 17:32:21.019547-05',	'yape',	'business'),
(309,	79,	'1x polo manga C (yape)',	40.00,	'2026-01-16 17:33:37-05',	'2026-01-16 17:33:44.164449-05',	'yape',	'business'),
(310,	79,	'1x polo (yape)',	48.00,	'2026-01-16 17:34:04-05',	'2026-01-16 17:34:11.645106-05',	'yape',	'business'),
(320,	79,	'1x polera (yape)',	80.00,	'2026-01-16 18:17:21-05',	'2026-01-16 18:17:26.424113-05',	'yape',	'business'),
(321,	79,	'1x polo (cash)',	45.00,	'2026-01-16 18:17:39-05',	'2026-01-16 18:17:45.142935-05',	'cash',	'business'),
(322,	79,	'1x polo (cash)',	45.00,	'2026-01-16 18:17:48-05',	'2026-01-16 18:17:52.760534-05',	'cash',	'business'),
(323,	79,	'1x short (cash)',	70.00,	'2026-01-16 18:18:00-05',	'2026-01-16 18:18:05.407443-05',	'cash',	'business'),
(324,	79,	'1x Short (cash)',	65.00,	'2026-01-16 18:18:15-05',	'2026-01-16 18:18:22.299506-05',	'cash',	'business'),
(330,	79,	'1x polo (cash)',	90.00,	'2026-01-16 20:14:43-05',	'2026-01-16 20:14:49.326139-05',	'cash',	'business'),
(331,	79,	'1x pantalón (cash)',	85.00,	'2026-01-16 20:18:37-05',	'2026-01-16 20:18:45.487705-05',	'yape',	'business'),
(344,	84,	'1x polo (cash)',	45.00,	'2026-01-17 20:25:03-05',	'2026-01-17 20:25:08.888212-05',	'cash',	'business'),
(345,	84,	'1x Short (yape)',	65.00,	'2026-01-17 20:25:26-05',	'2026-01-17 20:25:30.569728-05',	'yape',	'business'),
(218,	36,	'1 polo (Yape)',	50.00,	'2026-01-14 16:12:31-05',	'2026-01-14 16:12:37.66438-05',	'yape',	'business'),
(214,	36,	'1x polo (Yape)',	45.00,	'2026-01-14 16:11:09-05',	'2026-01-14 16:11:17.641609-05',	'yape',	'business'),
(221,	36,	'1x short (Yape)',	65.00,	'2026-01-14 16:14:11-05',	'2026-01-14 16:14:21.861628-05',	'yape',	'business'),
(217,	36,	'1x polo (Yape)',	45.00,	'2026-01-14 16:12:08-05',	'2026-01-14 16:12:16.058805-05',	'yape',	'business'),
(220,	36,	'1x polo (manga corta)',	30.00,	'2026-01-14 16:13:47-05',	'2026-01-14 16:13:54.627752-05',	'yape',	'business'),
(219,	36,	'1x polo manga cero',	25.00,	'2026-01-14 16:13:06-05',	'2026-01-14 16:13:13.674819-05',	'yape',	'business'),
(346,	84,	'1x polo (yape)',	38.00,	'2026-01-17 20:25:47-05',	'2026-01-17 20:25:51.959085-05',	'yape',	'business'),
(347,	84,	'1x short (cash)',	65.00,	'2026-01-17 20:26:03-05',	'2026-01-17 20:26:10.885674-05',	'cash',	'business'),
(348,	84,	'1x polo (cash)',	50.00,	'2026-01-17 20:26:20-05',	'2026-01-17 20:26:33.237149-05',	'cash',	'business'),
(349,	84,	'1x short (cash)',	60.00,	'2026-01-17 20:26:47-05',	'2026-01-17 20:26:54.345712-05',	'cash',	'business'),
(350,	84,	'1x casaca (cash)',	110.00,	'2026-01-17 20:27:16-05',	'2026-01-17 20:27:21.534532-05',	'cash',	'business'),
(351,	84,	'2x poleras (S/75 c/u) (cash)',	150.00,	'2026-01-17 20:28:15-05',	'2026-01-17 20:28:25.3365-05',	'cash',	'business'),
(352,	84,	'1x pantalón (cash)',	75.00,	'2026-01-17 20:28:48-05',	'2026-01-17 20:28:54.215883-05',	'yape',	'business'),
(363,	87,	'1x conjunto (cash)',	110.00,	'2026-01-19 19:03:57-05',	'2026-01-19 19:04:04.228657-05',	'cash',	'business'),
(364,	87,	'1 polo (cash)',	45.00,	'2026-01-19 19:04:13-05',	'2026-01-19 19:04:17.859635-05',	'cash',	'business'),
(365,	87,	'1x polera (cash)',	80.00,	'2026-01-19 19:04:29-05',	'2026-01-19 19:04:36.233064-05',	'cash',	'business'),
(369,	91,	'1x polo (cash)',	50.00,	'2026-01-20 19:51:40-05',	'2026-01-20 19:51:49.058161-05',	'cash',	'business'),
(370,	92,	'1x short (cash)',	65.00,	'2026-01-20 19:53:02-05',	'2026-01-20 19:53:09.543128-05',	'cash',	'business'),
(372,	92,	'1x polo (cash)',	50.00,	'2026-01-20 19:53:46-05',	'2026-01-20 19:53:56.673355-05',	'cash',	'business'),
(373,	93,	'3x menú (S/8 c/u) (cash)',	24.00,	'2026-01-20 19:54:27-05',	'2026-01-20 19:54:34.60738-05',	'cash',	'business'),
(378,	95,	'3x menú (cash)',	24.00,	'2026-01-21 20:15:35-05',	'2026-01-21 20:15:44.14649-05',	'cash',	'business'),
(379,	95,	'1x Poet (cash)',	3.50,	'2026-01-21 20:16:01-05',	'2026-01-21 20:16:08.246094-05',	'cash',	'business'),
(387,	96,	'1x conjunto (cash)',	90.00,	'2026-01-22 19:30:52-05',	'2026-01-22 19:30:59.529132-05',	'cash',	'business'),
(388,	96,	'1x conjunto (cash)',	90.00,	'2026-01-22 19:31:18-05',	'2026-01-22 19:31:26.212711-05',	'cash',	'business'),
(389,	96,	'1x polo (cash)',	45.00,	'2026-01-22 19:31:47-05',	'2026-01-22 19:31:52.851476-05',	'cash',	'business'),
(390,	96,	'1x polo (yape)',	38.00,	'2026-01-22 19:32:14-05',	'2026-01-22 19:32:21.502531-05',	'yape',	'business'),
(397,	99,	'2x menú (S/8.00 c/u) (cash)',	16.00,	'2026-01-23 21:03:39-05',	'2026-01-23 21:03:50.423472-05',	'cash',	'business'),
(398,	99,	'Incienso (cash)',	4.00,	'2026-01-23 21:04:18-05',	'2026-01-23 21:04:23.195834-05',	'cash',	'business'),
(412,	102,	'1x short (cash)',	65.00,	'2026-01-26 18:47:59-05',	'2026-01-26 18:48:06.73533-05',	'cash',	'business'),
(413,	102,	'1x polo (yape)',	50.00,	'2026-01-26 18:48:34-05',	'2026-01-26 18:48:41.642329-05',	'yape',	'business'),
(427,	108,	'1x polo (cash)',	45.00,	'2026-01-27 19:33:56-05',	'2026-01-27 19:34:03.418663-05',	'cash',	'business'),
(415,	103,	'1x Poet (yape)',	3.50,	'2026-01-26 18:51:07-05',	'2026-01-26 18:51:16.831587-05',	'yape',	'business'),
(419,	107,	'pago en yape',	24.00,	'2026-01-26 19:15:00-05',	'2026-01-26 19:15:58.549037-05',	'yape',	'business'),
(424,	108,	'1 polo talla M (manga corta) (cash)',	30.00,	'2026-01-27 17:42:00-05',	'2026-01-27 17:42:07.460303-05',	'cash',	'business'),
(425,	108,	'1x polo manga corta (cash)',	30.00,	'2026-01-27 17:42:27-05',	'2026-01-27 17:42:33.358921-05',	'cash',	'business'),
(426,	108,	'1x short (cash)',	60.00,	'2026-01-27 17:42:46-05',	'2026-01-27 17:42:53.570075-05',	'cash',	'business'),
(429,	109,	'Comida (cash)',	16.00,	'2026-01-27 19:59:55-05',	'2026-01-27 20:00:02.836732-05',	'cash',	'business'),
(431,	109,	'Aromatizante (cash)',	10.00,	'2026-01-27 20:00:38-05',	'2026-01-27 20:00:49.206342-05',	'cash',	'business'),
(432,	110,	'1x polo (cash)',	50.00,	'2026-01-27 20:35:00-05',	'2026-01-27 20:35:45.599576-05',	'yape',	'business'),
(439,	117,	'1x polo (cash)',	55.00,	'2026-01-28 19:15:47-05',	'2026-01-28 19:15:55.786599-05',	'cash',	'business'),
(440,	117,	'1x polo (cash)',	50.00,	'2026-01-28 19:16:10-05',	'2026-01-28 19:16:20.2381-05',	'cash',	'business'),
(441,	117,	'1x short (cash)',	50.00,	'2026-01-28 19:16:39-05',	'2026-01-28 19:16:47.19746-05',	'cash',	'business'),
(442,	117,	'1x polo (cash)',	50.00,	'2026-01-28 19:16:56-05',	'2026-01-28 19:17:03.980823-05',	'cash',	'business'),
(435,	113,	'DEVOLUCION JULY',	643.00,	'2026-01-13 02:00:00-05',	'2026-01-28 11:06:58.577086-05',	'cash',	'loan'),
(358,	86,	'PAGO A JADE',	240.00,	'2026-01-17 22:27:00-05',	'2026-01-17 22:27:15.404181-05',	'cash',	'workers'),
(434,	112,	'PRESTAMO A JULY PARA COMPRA DE PASAJE DE SU MARIDO',	357.00,	'2026-01-13 02:00:00-05',	'2026-01-28 11:06:06.086191-05',	'yape',	'loan'),
(255,	57,	'PLIN DE JADE (VENTAS)',	490.00,	'2026-01-13 20:00:00-05',	'2026-01-15 02:46:48.003219-05',	'plin',	'business'),
(337,	83,	'preste a la tienda',	1.50,	'2026-01-14 08:30:00-05',	'2026-01-16 21:50:50.39841-05',	'cash',	'loan'),
(253,	55,	'CAMBIO DE YAPE A EFECTIVO (JADE)',	28.50,	'2026-01-14 13:00:00-05',	'2026-01-15 02:07:37.080998-05',	'yape',	'personal'),
(417,	105,	'Pago a Jade (cash)',	75.00,	'2026-01-26 19:12:00-05',	'2026-01-26 19:12:42.03839-05',	'yape',	'workers'),
(430,	109,	'Envío a Tío Luis (yape)',	28.00,	'2026-01-27 20:00:00-05',	'2026-01-27 20:00:31.803725-05',	'yape',	'personal'),
(433,	111,	'Lavandería (cash)',	50.00,	'2026-01-27 20:37:00-05',	'2026-01-27 20:38:03.070535-05',	'cash',	'personal'),
(436,	114,	'TRANFERENCIA A LUCHITO',	664.00,	'2026-01-13 02:00:00-05',	'2026-01-28 11:12:28.541139-05',	'yape',	'personal'),
(229,	43,	'DINERO QUE SE RINDIO CUENTA EL DIA MARTES 13 EN PLIN',	9139.00,	'2026-01-01 19:00:00-05',	'2026-01-14 19:54:14.315345-05',	'plin',	'capital'),
(443,	117,	'1x camisa (yape)',	85.00,	'2026-01-28 19:17:17-05',	'2026-01-28 19:17:25.233838-05',	'yape',	'business'),
(444,	117,	'1x polo malla (cash)',	25.00,	'2026-01-28 19:18:05-05',	'2026-01-28 19:18:12.07361-05',	'cash',	'business'),
(445,	118,	'Comida (cash)',	18.00,	'2026-01-28 20:17:07-05',	'2026-01-28 20:17:17.469541-05',	'cash',	'business'),
(459,	125,	'1x polo (cash)',	50.00,	'2026-01-29 19:28:38-05',	'2026-01-29 19:28:46.286503-05',	'cash',	'business'),
(460,	125,	'1 polera (cash)',	80.00,	'2026-01-29 19:29:02-05',	'2026-01-29 19:29:10.755654-05',	'cash',	'business'),
(461,	125,	'1x short (cash)',	40.00,	'2026-01-29 19:29:38-05',	'2026-01-29 19:29:45.555821-05',	'cash',	'business'),
(462,	125,	'1x polo (yape)',	90.00,	'2026-01-29 19:30:14-05',	'2026-01-29 19:30:18.849915-05',	'yape',	'business'),
(463,	125,	'1x short (cash)',	65.00,	'2026-01-29 19:30:28-05',	'2026-01-29 19:30:36.813153-05',	'cash',	'business'),
(464,	125,	'1 polo (cash)',	38.00,	'2026-01-29 19:30:49-05',	'2026-01-29 19:30:54.944341-05',	'cash',	'business'),
(465,	125,	'1x Short (cash)',	60.00,	'2026-01-29 20:16:31-05',	'2026-01-29 20:16:38.347053-05',	'cash',	'business'),
(466,	125,	'1x polo (cash)',	45.00,	'2026-01-29 20:16:51-05',	'2026-01-29 20:16:59.938125-05',	'cash',	'business'),
(468,	125,	'1x polo (yape)',	38.00,	'2026-01-29 20:19:24-05',	'2026-01-29 20:19:30.908984-05',	'yape',	'business'),
(469,	126,	'Comida (cash)',	18.00,	'2026-01-29 20:26:10-05',	'2026-01-29 20:26:14.777925-05',	'cash',	'business'),
(470,	126,	'Incienso (cash)',	4.00,	'2026-01-29 20:26:26-05',	'2026-01-29 20:26:32.204183-05',	'cash',	'business'),
(473,	127,	'1 polo 45 soles en yape',	45.00,	'2026-01-29 20:48:00-05',	'2026-01-29 20:48:42.274508-05',	'yape',	'business'),
(475,	129,	'1x polo (cash)',	50.00,	'2026-01-30 18:46:07-05',	'2026-01-30 18:46:14.616636-05',	'cash',	'business'),
(476,	129,	'1x polo (cash)',	50.00,	'2026-01-30 18:46:22-05',	'2026-01-30 18:46:35.720899-05',	'cash',	'business'),
(477,	129,	'1 polo (yape)',	50.00,	'2026-01-30 18:46:40-05',	'2026-01-30 18:46:45.778788-05',	'yape',	'business'),
(478,	129,	'1x polo (cash)',	45.00,	'2026-01-30 18:46:53-05',	'2026-01-30 18:46:58.826692-05',	'cash',	'business'),
(479,	129,	'1x polo (cash)',	50.00,	'2026-01-30 18:47:05-05',	'2026-01-30 18:47:11.200853-05',	'cash',	'business'),
(480,	129,	'1x polo (cash)',	45.00,	'2026-01-30 18:47:19-05',	'2026-01-30 18:47:22.464668-05',	'cash',	'business'),
(481,	129,	'1x polo (cash)',	90.00,	'2026-01-30 18:47:41-05',	'2026-01-30 18:47:46.421206-05',	'cash',	'business'),
(482,	129,	'1x polo (cash)',	95.00,	'2026-01-30 18:48:01-05',	'2026-01-30 18:48:07.74933-05',	'cash',	'business'),
(483,	129,	'1x polo (cash)',	50.00,	'2026-01-30 18:48:22-05',	'2026-01-30 18:48:27.675091-05',	'cash',	'business'),
(484,	129,	'1x polo (cash)',	45.00,	'2026-01-30 18:48:39-05',	'2026-01-30 18:48:43.587463-05',	'cash',	'business'),
(485,	129,	'1x Short (cash)',	65.00,	'2026-01-30 18:48:57-05',	'2026-01-30 18:49:01.889539-05',	'cash',	'business'),
(486,	129,	'1x polo (cash)',	38.00,	'2026-01-30 19:45:16-05',	'2026-01-30 19:45:23.5485-05',	'cash',	'business'),
(487,	129,	'1x polo (cash)',	45.00,	'2026-01-30 19:45:24-05',	'2026-01-30 19:45:27.972956-05',	'cash',	'business'),
(488,	130,	'Comida (cash)',	18.00,	'2026-01-30 21:29:48-05',	'2026-01-30 21:29:55.146794-05',	'cash',	'business'),
(489,	130,	'Pasaje recojo 2 bultos (cash)',	5.00,	'2026-01-30 21:30:21-05',	'2026-01-30 21:30:30.908028-05',	'cash',	'business'),
(490,	131,	'1x pantalón (cash)',	90.00,	'2026-01-31 17:45:58-05',	'2026-01-31 17:46:09.497082-05',	'cash',	'business'),
(491,	131,	'1x polo (yape)',	45.00,	'2026-01-31 17:47:36-05',	'2026-01-31 17:47:43.440455-05',	'yape',	'business'),
(492,	131,	'1 short (cash)',	65.00,	'2026-01-31 17:47:54-05',	'2026-01-31 17:48:03.247269-05',	'cash',	'business'),
(494,	131,	'1x polo (cash)',	45.00,	'2026-01-31 17:50:08-05',	'2026-01-31 17:50:23.528123-05',	'cash',	'business'),
(495,	131,	'1x polo (cash)',	90.00,	'2026-01-31 17:50:35-05',	'2026-01-31 17:50:42.681495-05',	'cash',	'business'),
(496,	131,	'1x polo (cash)',	38.00,	'2026-01-31 17:50:52-05',	'2026-01-31 17:50:58.185304-05',	'cash',	'business'),
(497,	131,	'1x short (cash)',	60.00,	'2026-01-31 17:51:13-05',	'2026-01-31 17:51:20.297313-05',	'cash',	'business'),
(498,	131,	'1x short (cash)',	65.00,	'2026-01-31 17:51:27-05',	'2026-01-31 17:51:34.043093-05',	'cash',	'business'),
(499,	131,	'1x conjunto (yape)',	130.00,	'2026-01-31 17:51:56-05',	'2026-01-31 17:52:23.493556-05',	'yape',	'business'),
(500,	131,	'1x polo (yape)',	45.00,	'2026-01-31 18:57:31-05',	'2026-01-31 18:57:37.91852-05',	'yape',	'business'),
(501,	131,	'1x short (café) (yape)',	80.00,	'2026-01-31 18:57:52-05',	'2026-01-31 18:57:59.422436-05',	'yape',	'business'),
(502,	131,	'1x camisa (yape)',	75.00,	'2026-01-31 18:58:13-05',	'2026-01-31 18:58:21.565231-05',	'yape',	'business'),
(503,	131,	'1x polo (yape)',	45.00,	'2026-01-31 19:44:09-05',	'2026-01-31 19:44:17.864809-05',	'yape',	'business'),
(504,	131,	'1x polo (yape)',	45.00,	'2026-01-31 19:44:28-05',	'2026-01-31 19:44:36.148012-05',	'yape',	'business'),
(505,	131,	'1x short (yape)',	50.00,	'2026-01-31 20:24:12-05',	'2026-01-31 20:24:19.664296-05',	'yape',	'business'),
(506,	131,	'1x casaca (yape)',	85.00,	'2026-01-31 20:24:41-05',	'2026-01-31 20:24:50.774171-05',	'yape',	'business'),
(508,	131,	'1x polo (cash)',	90.00,	'2026-01-31 20:48:53-05',	'2026-01-31 20:48:58.392549-05',	'cash',	'business'),
(509,	131,	'1x short (cash)',	65.00,	'2026-01-31 20:49:01-05',	'2026-01-31 20:49:08.018634-05',	'cash',	'business'),
(510,	131,	'1x polo manga corta (cash)',	25.00,	'2026-01-31 20:49:14-05',	'2026-01-31 20:49:21.214739-05',	'cash',	'business'),
(512,	132,	'Comida (cash)',	18.00,	'2026-01-31 21:32:52-05',	'2026-01-31 21:32:56.997331-05',	'cash',	'business'),
(514,	132,	'Pasaje Félix (cash)',	3.00,	'2026-01-31 21:33:59-05',	'2026-01-31 21:34:07.715068-05',	'cash',	'business'),
(516,	133,	'1 pantalón',	115.00,	'2026-01-31 21:50:00-05',	'2026-01-31 21:51:02.419638-05',	'yape',	'business'),
(517,	134,	'Pantalon',	80.00,	'2026-01-31 21:00:00-05',	'2026-01-31 21:53:24.482712-05',	'yape',	'business'),
(518,	135,	'Short',	65.00,	'2026-01-31 21:00:00-05',	'2026-01-31 21:56:37.296092-05',	'cash',	'business'),
(232,	46,	'EFECTIVO PARA COMPRAS EN LIMA (800 + 1200 EN CAJA + 100 JADE))',	9336.00,	'2026-01-01 19:00:00-05',	'2026-01-14 20:05:49.328499-05',	'cash',	'capital'),
(456,	123,	'Yape (pago a tercero) (yape)',	180.00,	'2026-01-28 13:38:00-05',	'2026-01-29 13:52:54.758317-05',	'yape',	'capital'),
(450,	123,	'Transferencia interbancaria (tercero) (transfer)',	1000.00,	'2026-01-28 17:34:00-05',	'2026-01-29 13:52:54.758317-05',	'transfer',	'capital'),
(453,	123,	'Yape (pago a tercero) (yape)',	500.00,	'2026-01-28 15:44:00-05',	'2026-01-29 13:52:54.758317-05',	'yape',	'capital'),
(452,	123,	'Yape (pago a tercero) (yape)',	340.00,	'2026-01-28 15:45:00-05',	'2026-01-29 13:52:54.758317-05',	'yape',	'capital'),
(451,	123,	'Plin (pago a tercero) (plin)',	349.00,	'2026-01-28 15:46:00-05',	'2026-01-29 13:52:54.758317-05',	'plin',	'capital'),
(257,	59,	'VENTA EN CAJA (TENIA LUIS ANTES DE VIAJR)',	1200.00,	'2026-01-13 18:30:00-05',	'2026-01-15 03:11:15.827884-05',	'cash',	'capital'),
(356,	85,	'Devolución a cliente (tío) (cash)',	100.00,	'2026-01-17 22:03:00-05',	'2026-01-17 22:03:12.595243-05',	'cash',	'various'),
(474,	128,	'Servicio de mensajería - Tarapoto Courier SAC (yape)',	317.00,	'2026-01-30 14:07:00-05',	'2026-01-30 14:09:15.102196-05',	'yape',	'various'),
(520,	137,	'Pago tv',	700.00,	'2026-01-30 10:30:00-05',	'2026-01-31 22:08:50.591593-05',	'plin',	'various'),
(513,	132,	'Pago línea Tío (yape)',	34.90,	'2026-01-31 21:33:00-05',	'2026-01-31 21:33:37.447508-05',	'yape',	'personal'),
(455,	123,	'Yape (pago a tercero) (yape)',	90.00,	'2026-01-28 14:30:00-05',	'2026-01-29 13:52:54.758317-05',	'yape',	'capital'),
(457,	123,	'Pago a Lucía (yape)',	240.00,	'2026-01-29 13:53:00-05',	'2026-01-29 13:53:46.288856-05',	'yape',	'various'),
(471,	126,	'Envío a tío - compra (yape)',	46.00,	'2026-01-29 20:27:00-05',	'2026-01-29 20:27:18.957259-05',	'yape',	'personal'),
(472,	126,	'Envío a tío para compra (yape)',	30.00,	'2026-01-29 20:27:00-05',	'2026-01-29 20:27:50.287822-05',	'yape',	'personal'),
(458,	124,	'Pago por Félix (yape)',	250.00,	'2026-01-29 13:55:00-05',	'2026-01-29 13:55:34.251772-05',	'yape',	'various'),
(515,	132,	'Pago a Gael (cash)',	240.00,	'2026-01-31 21:34:00-05',	'2026-01-31 21:34:39.282882-05',	'cash',	'workers'),
(519,	136,	'Pago a Jade (cash)',	181.00,	'2026-01-31 22:00:00-05',	'2026-01-31 22:00:29.540715-05',	'cash',	'workers'),
(522,	139,	'Transferencia a jade para compra luis',	1336.00,	'2026-01-28 10:00:00-05',	'2026-01-31 22:50:44.624267-05',	'yape',	'capital'),
(454,	123,	'Yape (pago a tercero) (yape)',	240.00,	'2026-01-28 14:41:00-05',	'2026-01-29 13:52:54.758317-05',	'yape',	'capital'),
(536,	153,	'1x polo (cash)',	50.00,	'2026-02-02 18:38:36-05',	'2026-02-02 18:38:42.943712-05',	'cash',	'business'),
(537,	153,	'1 pantalón (yape)',	85.00,	'2026-02-02 18:39:29-05',	'2026-02-02 18:39:34.105128-05',	'yape',	'business'),
(538,	153,	'1x polo (cash)',	55.00,	'2026-02-02 18:39:48-05',	'2026-02-02 18:39:55.683663-05',	'cash',	'business'),
(539,	153,	'1x conjunto (yape)',	90.00,	'2026-02-02 18:40:47-05',	'2026-02-02 18:40:53.977913-05',	'yape',	'business'),
(540,	153,	'1x polo (cash)',	75.00,	'2026-02-02 18:41:05-05',	'2026-02-02 18:41:12.227568-05',	'cash',	'business'),
(541,	153,	'1 polo (cash)',	85.00,	'2026-02-02 18:41:18-05',	'2026-02-02 18:41:24.373903-05',	'cash',	'business'),
(542,	153,	'1x conjunto (cash)',	90.00,	'2026-02-02 18:41:35-05',	'2026-02-02 18:41:44.468948-05',	'cash',	'business'),
(543,	153,	'1x polo (cash)',	50.00,	'2026-02-02 18:42:15-05',	'2026-02-02 18:42:26.028486-05',	'cash',	'business'),
(535,	152,	'PUESTO EN CUENTA DE AHORRO',	5316.00,	'2026-01-31 17:41:00-05',	'2026-02-01 17:41:48.656069-05',	'cash',	'personal'),
(544,	153,	'1 polo (yape)',	55.00,	'2026-02-02 18:43:09-05',	'2026-02-02 18:43:15.375265-05',	'yape',	'business'),
(545,	153,	'1x polo manga cero (yape)',	30.00,	'2026-02-02 18:43:29-05',	'2026-02-02 18:43:39.528573-05',	'yape',	'business'),
(546,	153,	'1x short (yape)',	65.00,	'2026-02-02 18:43:49-05',	'2026-02-02 18:44:01.523127-05',	'yape',	'business'),
(547,	154,	'Comida (cash)',	18.00,	'2026-02-02 20:24:28-05',	'2026-02-02 20:24:34.134943-05',	'cash',	'business'),
(548,	154,	'Envío a Tío Luis (yape)',	28.00,	'2026-02-02 20:25:01-05',	'2026-02-02 20:25:08.888466-05',	'yape',	'business'),
(549,	154,	'Pago de Internet (cash)',	60.00,	'2026-02-02 20:25:24-05',	'2026-02-02 20:25:31.175468-05',	'cash',	'business'),
(550,	155,	'1x conjunto (cash)',	90.00,	'2026-02-03 18:27:06-05',	'2026-02-03 18:27:14.197006-05',	'cash',	'business'),
(551,	155,	'1x polo (yape)',	45.00,	'2026-02-03 18:27:34-05',	'2026-02-03 18:27:41.652018-05',	'yape',	'business'),
(552,	155,	'1x polo (yape)',	50.00,	'2026-02-03 18:27:53-05',	'2026-02-03 18:27:58.124484-05',	'yape',	'business'),
(553,	155,	'1x short (yape)',	35.00,	'2026-02-03 18:28:19-05',	'2026-02-03 18:28:28.750454-05',	'yape',	'business'),
(554,	155,	'1x casaca (cash)',	95.00,	'2026-02-03 18:28:40-05',	'2026-02-03 18:28:48.144649-05',	'cash',	'business'),
(555,	155,	'1x short (cash)',	65.00,	'2026-02-03 18:28:51-05',	'2026-02-03 18:28:57.085649-05',	'cash',	'business'),
(556,	155,	'1x polo (yape)',	45.00,	'2026-02-03 18:29:01-05',	'2026-02-03 18:29:08.175278-05',	'yape',	'business'),
(557,	155,	'1x short (yape)',	35.00,	'2026-02-03 18:29:17-05',	'2026-02-03 18:29:24.020258-05',	'yape',	'business'),
(558,	155,	'1 pantalón (yape)',	75.00,	'2026-02-03 18:29:35-05',	'2026-02-03 18:29:41.28813-05',	'yape',	'business'),
(559,	155,	'1x polo (yape)',	45.00,	'2026-02-03 18:29:55-05',	'2026-02-03 18:30:01.95901-05',	'yape',	'business'),
(560,	155,	'1x polo (cash)',	75.00,	'2026-02-03 18:30:14-05',	'2026-02-03 18:30:22.697154-05',	'cash',	'business'),
(561,	155,	'1x polo (cash)',	95.00,	'2026-02-03 18:30:33-05',	'2026-02-03 18:30:40.93163-05',	'cash',	'business'),
(562,	155,	'1 polo (yape)',	45.00,	'2026-02-03 18:30:51-05',	'2026-02-03 18:30:58.709896-05',	'yape',	'business'),
(563,	155,	'1x polo (cash)',	50.00,	'2026-02-03 18:31:07-05',	'2026-02-03 18:31:12.38155-05',	'cash',	'business'),
(564,	156,	'Comida (cash)',	20.00,	'2026-02-03 20:43:17-05',	'2026-02-03 20:43:22.15358-05',	'cash',	'business'),
(565,	157,	'1x polo (cash)',	50.00,	'2026-02-04 20:02:21-05',	'2026-02-04 20:02:30.292091-05',	'cash',	'business'),
(566,	157,	'1x short (cash)',	65.00,	'2026-02-04 20:02:30-05',	'2026-02-04 20:02:38.701477-05',	'cash',	'business'),
(567,	157,	'1x polo (yape)',	90.00,	'2026-02-04 20:03:02-05',	'2026-02-04 20:03:11.700311-05',	'yape',	'business'),
(568,	157,	'1x polo manga corta (cash)',	30.00,	'2026-02-04 20:03:23-05',	'2026-02-04 20:03:31.289323-05',	'cash',	'business'),
(569,	157,	'1x polo m.c (yape)',	35.00,	'2026-02-04 20:04:01-05',	'2026-02-04 20:04:09.722332-05',	'yape',	'business'),
(570,	157,	'1x polo (cash)',	38.00,	'2026-02-04 20:04:15-05',	'2026-02-04 20:04:22.920231-05',	'cash',	'business'),
(571,	158,	'Comida (cash)',	18.00,	'2026-02-04 21:23:12-05',	'2026-02-04 21:23:18.527266-05',	'cash',	'business'),
(572,	158,	'Incienso (cash)',	4.00,	'2026-02-04 21:23:29-05',	'2026-02-04 21:23:33.851665-05',	'cash',	'business'),
(573,	159,	'ADELANTO JADE',	50.00,	'2026-02-04 21:27:00-05',	'2026-02-04 21:28:09.221008-05',	'cash',	'workers'),
(574,	160,	'XIOMARA',	1000.00,	'2026-02-04 21:44:00-05',	'2026-02-04 21:44:47.238933-05',	'yape',	'loan'),
(575,	161,	'1x polo (cash)',	45.00,	'2026-02-05 18:16:23-05',	'2026-02-05 18:16:31.043259-05',	'cash',	'business'),
(576,	161,	'1x polo (cash)',	45.00,	'2026-02-05 18:16:45-05',	'2026-02-05 18:16:53.171379-05',	'cash',	'business'),
(577,	161,	'1x conjunto (cash)',	90.00,	'2026-02-05 18:17:00-05',	'2026-02-05 18:17:04.008489-05',	'cash',	'business'),
(578,	161,	'1x pantalón (yape)',	85.00,	'2026-02-05 18:17:30-05',	'2026-02-05 18:17:38.253124-05',	'yape',	'business'),
(579,	161,	'1x short (cash)',	65.00,	'2026-02-05 18:17:40-05',	'2026-02-05 18:17:47.069206-05',	'cash',	'business'),
(580,	161,	'1x polo (cash)',	45.00,	'2026-02-05 18:18:07-05',	'2026-02-05 18:18:14.793489-05',	'cash',	'business'),
(581,	161,	'1x polo m.c. (cash)',	35.00,	'2026-02-05 18:18:24-05',	'2026-02-05 18:18:34.011035-05',	'cash',	'business'),
(582,	161,	'1x polo (cash)',	50.00,	'2026-02-05 18:18:47-05',	'2026-02-05 18:18:54.357797-05',	'cash',	'business'),
(583,	161,	'1x polo (cash)',	40.00,	'2026-02-05 18:19:05-05',	'2026-02-05 18:19:10.152743-05',	'cash',	'business'),
(584,	161,	'1x polera (cash)',	80.00,	'2026-02-05 19:03:40-05',	'2026-02-05 19:03:49.379245-05',	'cash',	'business'),
(585,	161,	'1x polera (cash)',	80.00,	'2026-02-05 19:03:54-05',	'2026-02-05 19:04:00.73829-05',	'cash',	'business'),
(586,	161,	'1x casaca (cash)',	85.00,	'2026-02-05 19:06:54-05',	'2026-02-05 19:07:01.599135-05',	'cash',	'business'),
(587,	161,	'1x casaca (cash)',	85.00,	'2026-02-05 19:07:11-05',	'2026-02-05 19:07:16.625478-05',	'cash',	'business'),
(588,	161,	'1x polo (yape)',	50.00,	'2026-02-05 19:59:28-05',	'2026-02-05 19:59:36.941876-05',	'yape',	'business'),
(589,	162,	'Comida (cash)',	18.00,	'2026-02-05 20:24:58-05',	'2026-02-05 20:25:05.832586-05',	'cash',	'business'),
(591,	164,	'1x short (yape)',	60.00,	'2026-02-06 17:35:05-05',	'2026-02-06 17:35:12.607144-05',	'yape',	'business'),
(592,	164,	'1x polo manga corta (yape)',	30.00,	'2026-02-06 17:35:30-05',	'2026-02-06 17:35:37.589895-05',	'yape',	'business'),
(593,	164,	'1x polo (yape)',	90.00,	'2026-02-06 17:35:51-05',	'2026-02-06 17:35:57.244672-05',	'yape',	'business'),
(594,	164,	'1x polo (cash)',	55.00,	'2026-02-06 17:36:14-05',	'2026-02-06 17:36:21.206946-05',	'cash',	'business'),
(595,	164,	'1x short (cash)',	80.00,	'2026-02-06 17:36:48-05',	'2026-02-06 17:37:02.432174-05',	'cash',	'business'),
(596,	164,	'1x short (cash)',	60.00,	'2026-02-06 17:37:14-05',	'2026-02-06 17:37:21.642876-05',	'cash',	'business'),
(597,	164,	'1x polo manga corta (cash)',	30.00,	'2026-02-06 17:37:35-05',	'2026-02-06 17:37:44.29846-05',	'cash',	'business'),
(598,	164,	'1x polo (cash)',	45.00,	'2026-02-06 17:37:46-05',	'2026-02-06 17:37:52.590171-05',	'cash',	'business'),
(599,	164,	'1x polo (cash)',	38.00,	'2026-02-06 17:37:58-05',	'2026-02-06 17:38:03.793013-05',	'cash',	'business'),
(600,	164,	'1x short (cash)',	70.00,	'2026-02-06 17:38:11-05',	'2026-02-06 17:38:16.929824-05',	'cash',	'business'),
(601,	164,	'1 polo (cash)',	50.00,	'2026-02-06 17:39:20-05',	'2026-02-06 17:39:26.278879-05',	'cash',	'business'),
(602,	164,	'1x casaca (cash)',	98.00,	'2026-02-06 17:39:36-05',	'2026-02-06 17:39:42.606362-05',	'cash',	'business'),
(603,	164,	'1x short (cash)',	38.00,	'2026-02-06 17:46:12-05',	'2026-02-06 17:46:19.567443-05',	'cash',	'business'),
(604,	164,	'1x polo (yape)',	55.00,	'2026-02-06 17:46:46-05',	'2026-02-06 17:46:53.382137-05',	'yape',	'business'),
(605,	164,	'1x polo (cash)',	50.00,	'2026-02-06 17:46:55-05',	'2026-02-06 17:47:04.541-05',	'cash',	'business'),
(606,	164,	'1x polo (yape)',	55.00,	'2026-02-06 18:15:00-05',	'2026-02-06 18:15:10.525588-05',	'yape',	'business'),
(607,	164,	'1x polo manga larga (yape)',	70.00,	'2026-02-06 18:15:21-05',	'2026-02-06 18:15:31.116086-05',	'yape',	'business'),
(608,	164,	'1x short (yape)',	60.00,	'2026-02-06 18:15:40-05',	'2026-02-06 18:15:50.270949-05',	'yape',	'business'),
(609,	164,	'1x polo (cash)',	50.00,	'2026-02-06 18:37:56-05',	'2026-02-06 18:38:03.969168-05',	'cash',	'business'),
(610,	164,	'1x polo (cash)',	38.00,	'2026-02-06 18:38:08-05',	'2026-02-06 18:38:15.408826-05',	'cash',	'business'),
(611,	164,	'Adelanto de conjunto (cash)',	50.00,	'2026-02-06 18:38:20-05',	'2026-02-06 18:38:30.028131-05',	'cash',	'business'),
(612,	164,	'1x polo (cash)',	90.00,	'2026-02-06 18:57:24-05',	'2026-02-06 18:57:29.925749-05',	'cash',	'business'),
(613,	164,	'1x polo (yape)',	90.00,	'2026-02-06 19:51:53-05',	'2026-02-06 19:52:01.074771-05',	'yape',	'business'),
(614,	164,	'1x polo (cash)',	90.00,	'2026-02-06 19:52:12-05',	'2026-02-06 19:52:15.810271-05',	'cash',	'business'),
(615,	165,	'Comida (cash)',	18.00,	'2026-02-06 20:16:25-05',	'2026-02-06 20:16:34.235476-05',	'cash',	'business'),
(616,	166,	'1x short (yape)',	70.00,	'2026-02-07 18:09:17-05',	'2026-02-07 18:09:26.800932-05',	'yape',	'business'),
(617,	166,	'1x polo (cash)',	45.00,	'2026-02-07 18:09:42-05',	'2026-02-07 18:09:45.832218-05',	'cash',	'business'),
(618,	166,	'1x conjunto (yape)',	90.00,	'2026-02-07 18:09:52-05',	'2026-02-07 18:09:58.258739-05',	'yape',	'business'),
(619,	166,	'1x polo (yape)',	50.00,	'2026-02-07 18:10:00-05',	'2026-02-07 18:10:05.040855-05',	'yape',	'business'),
(620,	166,	'1x polo manga larga (cash)',	125.00,	'2026-02-07 18:10:22-05',	'2026-02-07 18:10:27.059818-05',	'cash',	'business'),
(621,	166,	'1x polo (yape)',	50.00,	'2026-02-07 18:10:35-05',	'2026-02-07 18:10:39.508119-05',	'yape',	'business'),
(622,	166,	'1x polo (cash)',	45.00,	'2026-02-07 18:10:41-05',	'2026-02-07 18:10:45.637181-05',	'cash',	'business'),
(623,	166,	'1x short (yape)',	75.00,	'2026-02-07 18:11:06-05',	'2026-02-07 18:11:11.066904-05',	'yape',	'business'),
(624,	166,	'1x polo (cash)',	45.00,	'2026-02-07 18:11:19-05',	'2026-02-07 18:11:26.425087-05',	'cash',	'business'),
(625,	166,	'1 polo (cash)',	50.00,	'2026-02-07 18:11:48-05',	'2026-02-07 18:11:52.351841-05',	'cash',	'business'),
(626,	166,	'1x short (cash)',	65.00,	'2026-02-07 18:11:58-05',	'2026-02-07 18:12:01.851604-05',	'cash',	'business'),
(627,	166,	'1x camisa (cash)',	90.00,	'2026-02-07 18:12:17-05',	'2026-02-07 18:12:21.27247-05',	'cash',	'business'),
(628,	166,	'1x casaca (cash)',	110.00,	'2026-02-07 18:12:28-05',	'2026-02-07 18:12:31.30064-05',	'cash',	'business'),
(629,	166,	'1x short (cash)',	65.00,	'2026-02-07 18:12:39-05',	'2026-02-07 18:12:44.815637-05',	'cash',	'business'),
(630,	166,	'1x polo (cash)',	45.00,	'2026-02-07 18:39:15-05',	'2026-02-07 18:39:19.321195-05',	'cash',	'business'),
(631,	166,	'1x pantalón (cash)',	85.00,	'2026-02-07 18:39:29-05',	'2026-02-07 18:39:33.65465-05',	'cash',	'business'),
(632,	166,	'Camisa (cash)',	75.00,	'2026-02-07 19:09:09-05',	'2026-02-07 19:09:14.007927-05',	'cash',	'business'),
(633,	166,	'1x polo (cash)',	85.00,	'2026-02-07 19:09:20-05',	'2026-02-07 19:09:25.82144-05',	'cash',	'business'),
(634,	166,	'1x pantalón (cash)',	90.00,	'2026-02-07 19:09:43-05',	'2026-02-07 19:09:47.98886-05',	'cash',	'business'),
(635,	166,	'1x polo (cash)',	45.00,	'2026-02-07 19:09:52-05',	'2026-02-07 19:09:56.817282-05',	'cash',	'business'),
(636,	166,	'1x polo (cash)',	50.00,	'2026-02-07 20:46:22-05',	'2026-02-07 20:46:26.563775-05',	'cash',	'business'),
(637,	166,	'1x polo (cash)',	50.00,	'2026-02-07 20:46:30-05',	'2026-02-07 20:46:36.298781-05',	'cash',	'business'),
(640,	167,	'Pasaje recojo bulto (cash)',	5.00,	'2026-02-07 21:23:55-05',	'2026-02-07 21:23:59.595591-05',	'cash',	'business'),
(642,	167,	'Comida (cash)',	18.00,	'2026-02-07 21:24:22-05',	'2026-02-07 21:24:27.032843-05',	'cash',	'business'),
(643,	167,	'Incienso (cash)',	10.00,	'2026-02-07 21:24:34-05',	'2026-02-07 21:24:38.229866-05',	'cash',	'business'),
(645,	167,	'Envío a Tío Luis (yape)',	15.00,	'2026-02-07 21:25:14-05',	'2026-02-07 21:25:20.251958-05',	'yape',	'business'),
(639,	167,	'Pago de envío giro',	6.00,	'2026-02-07 21:21:00-05',	'2026-02-07 21:21:37.492739-05',	'cash',	'business'),
(649,	169,	'Transferencia Plin a William Castillo B (952275252) - destino Yape (plin)',	500.00,	'2026-02-09 19:15:00-05',	'2026-02-09 19:18:09.058427-05',	'plin',	'various'),
(648,	168,	'Pago a Jade (cash)',	190.00,	'2026-02-07 21:43:00-05',	'2026-02-07 21:43:07.648189-05',	'cash',	'workers'),
(647,	167,	'Pago a Gael (cash)',	190.00,	'2026-02-07 21:25:00-05',	'2026-02-07 21:25:59.99252-05',	'cash',	'workers'),
(644,	167,	'Envío a tío Luis (yape)',	5.00,	'2026-02-07 21:24:00-05',	'2026-02-07 21:25:01.17681-05',	'yape',	'personal'),
(638,	167,	'Pago a Tío Luis (yape)',	19.00,	'2026-02-07 21:21:00-05',	'2026-02-07 21:21:07.257936-05',	'yape',	'personal'),
(646,	167,	'Envío a Tío Luis (yape)',	5.00,	'2026-02-07 21:25:00-05',	'2026-02-07 21:25:36.189962-05',	'yape',	'personal'),
(641,	167,	'Pago courier Tarapoto (cash)',	45.00,	'2026-02-07 21:24:00-05',	'2026-02-07 21:24:20.666374-05',	'cash',	'various'),
(652,	172,	'Devolución por pago de 50 soles en yape a luis',	50.00,	'2026-02-09 20:04:00-05',	'2026-02-09 20:06:09.351022-05',	'cash',	'loan'),
(688,	181,	'1x bolo (cash)',	45.00,	'2026-02-10 18:00:53-05',	'2026-02-10 18:01:03.300807-05',	'cash',	'business'),
(653,	173,	'1x casaca (cash)',	110.00,	'2026-02-09 20:18:22-05',	'2026-02-09 20:18:30.361307-05',	'cash',	'business'),
(654,	173,	'1x polo (cash)',	55.00,	'2026-02-09 20:18:44-05',	'2026-02-09 20:18:50.236565-05',	'cash',	'business'),
(655,	173,	'1x short (cash)',	65.00,	'2026-02-09 20:18:57-05',	'2026-02-09 20:19:03.756609-05',	'cash',	'business'),
(656,	173,	'1x polo (cash)',	45.00,	'2026-02-09 20:19:06-05',	'2026-02-09 20:19:11.392343-05',	'cash',	'business'),
(657,	173,	'1x polo (yape)',	60.00,	'2026-02-09 20:19:29-05',	'2026-02-09 20:19:35.066715-05',	'yape',	'business'),
(658,	173,	'1x polo (yape)',	50.00,	'2026-02-09 20:19:40-05',	'2026-02-09 20:19:45.797786-05',	'yape',	'business'),
(659,	173,	'1x polo (yape)',	50.00,	'2026-02-09 20:19:50-05',	'2026-02-09 20:19:56.36201-05',	'yape',	'business'),
(660,	173,	'1x short (cash)',	65.00,	'2026-02-09 20:20:08-05',	'2026-02-09 20:20:14.758634-05',	'cash',	'business'),
(661,	173,	'1x polo (yape)',	50.00,	'2026-02-09 20:20:18-05',	'2026-02-09 20:20:25.151204-05',	'yape',	'business'),
(662,	173,	'1x polo (yape)',	50.00,	'2026-02-09 20:20:28-05',	'2026-02-09 20:20:34.933931-05',	'yape',	'business'),
(663,	173,	'1x polo (cash)',	45.00,	'2026-02-09 20:20:39-05',	'2026-02-09 20:20:43.487369-05',	'cash',	'business'),
(664,	173,	'1x polo (cash)',	50.00,	'2026-02-09 20:21:09-05',	'2026-02-09 20:21:13.735576-05',	'cash',	'business'),
(665,	173,	'1x polo (yape)',	50.00,	'2026-02-09 20:21:31-05',	'2026-02-09 20:21:35.064272-05',	'yape',	'business'),
(666,	173,	'1x short (yape)',	65.00,	'2026-02-09 20:21:45-05',	'2026-02-09 20:21:51.430448-05',	'yape',	'business'),
(667,	173,	'1x polo (yape)',	50.00,	'2026-02-09 20:21:54-05',	'2026-02-09 20:22:00.102589-05',	'yape',	'business'),
(668,	173,	'1x polo (cash)',	45.00,	'2026-02-09 20:22:36-05',	'2026-02-09 20:22:41.99399-05',	'cash',	'business'),
(669,	173,	'1x polo (cash)',	45.00,	'2026-02-09 20:22:45-05',	'2026-02-09 20:22:50.336746-05',	'cash',	'business'),
(670,	173,	'1x polo (cash)',	50.00,	'2026-02-09 20:22:59-05',	'2026-02-09 20:23:03.267334-05',	'cash',	'business'),
(671,	173,	'1x polo (yape)',	38.00,	'2026-02-09 20:23:12-05',	'2026-02-09 20:23:18.327293-05',	'yape',	'business'),
(672,	174,	'Comida (cash)',	18.00,	'2026-02-09 20:24:02-05',	'2026-02-09 20:24:06.823834-05',	'cash',	'business'),
(674,	174,	'Pago local (cash)',	310.00,	'2026-02-09 20:24:00-05',	'2026-02-09 20:24:56.980841-05',	'cash',	'various'),
(673,	174,	'Pago local (yape)',	220.00,	'2026-02-09 20:24:00-05',	'2026-02-09 20:24:34.735909-05',	'yape',	'various'),
(675,	175,	'Devolución de los 800',	200.00,	'2026-02-09 20:36:00-05',	'2026-02-09 20:36:55.432543-05',	'yape',	'loan'),
(676,	176,	'COMPRA MERCADERIA NTF',	800.00,	'2026-02-05 22:20:00-05',	'2026-02-09 22:21:29.906264-05',	'yape',	'various'),
(650,	170,	'Devolución de capital de inyeccion DE 800',	600.00,	'2026-02-09 19:44:00-05',	'2026-02-09 19:45:09.842708-05',	'yape',	'loan'),
(677,	177,	'prestamo para compra de la cuenta de ahorro',	800.00,	'2026-02-05 22:40:00-05',	'2026-02-09 22:41:13.589723-05',	'yape',	'capital'),
(689,	181,	'1x polo (cash)',	45.00,	'2026-02-10 18:01:14-05',	'2026-02-10 18:01:21.388624-05',	'cash',	'business'),
(534,	151,	'PUESTO EN CUENTA DE AHORRO',	3823.00,	'2026-01-31 17:39:00-05',	'2026-02-01 17:41:16.032418-05',	'transfer',	'personal'),
(678,	178,	'PRESTAMO PASAJE A NAUTA',	50.00,	'2026-02-09 23:09:00-05',	'2026-02-09 23:09:56.644477-05',	'cash',	'loan'),
(679,	179,	'DEPOSITO LUIS PLIN (ROSITRA)',	28.00,	'2026-02-09 23:15:00-05',	'2026-02-09 23:16:17.97834-05',	'yape',	'personal'),
(651,	171,	'PAGO TRAE DESARROLLO felix',	100.00,	'2026-02-09 20:04:00-05',	'2026-02-09 20:04:41.79714-05',	'cash',	'personal'),
(681,	181,	'polo (cash)',	85.00,	'2026-02-10 17:58:19-05',	'2026-02-10 17:58:26.939838-05',	'cash',	'business'),
(682,	181,	'1x polo (cash)',	48.00,	'2026-02-10 17:58:41-05',	'2026-02-10 17:58:49.970512-05',	'cash',	'business'),
(683,	181,	'1x polo (cash)',	60.00,	'2026-02-10 17:58:58-05',	'2026-02-10 17:59:05.891542-05',	'cash',	'business'),
(684,	181,	'Bolo manga cero (cash)',	30.00,	'2026-02-10 17:59:16-05',	'2026-02-10 17:59:27.27763-05',	'cash',	'business'),
(685,	181,	'1x polo (cash)',	45.00,	'2026-02-10 17:59:56-05',	'2026-02-10 18:00:06.241706-05',	'cash',	'business'),
(686,	181,	'1x polo (yape)',	45.00,	'2026-02-10 18:00:17-05',	'2026-02-10 18:00:26.915915-05',	'yape',	'business'),
(687,	181,	'1x polo (cash)',	50.00,	'2026-02-10 18:00:36-05',	'2026-02-10 18:00:45.506628-05',	'cash',	'business'),
(690,	181,	'1x polo (cash)',	85.00,	'2026-02-10 18:01:27-05',	'2026-02-10 18:01:38.300554-05',	'cash',	'business'),
(691,	181,	'Pago a Volo (cash)',	50.00,	'2026-02-10 18:01:45-05',	'2026-02-10 18:01:51.63099-05',	'cash',	'business'),
(692,	181,	'1x short (cash)',	39.00,	'2026-02-10 18:01:58-05',	'2026-02-10 18:02:05.039966-05',	'cash',	'business'),
(693,	181,	'1x polo (cash)',	38.00,	'2026-02-10 18:02:17-05',	'2026-02-10 18:02:24.513832-05',	'cash',	'business'),
(694,	181,	'1x polo (cash)',	50.00,	'2026-02-10 18:02:49-05',	'2026-02-10 18:02:58.792743-05',	'cash',	'business'),
(695,	181,	'1x polo (cash)',	38.00,	'2026-02-10 18:52:07-05',	'2026-02-10 18:52:16.505867-05',	'cash',	'business'),
(696,	181,	'1x polo (cash)',	40.00,	'2026-02-10 18:52:24-05',	'2026-02-10 18:52:32.4707-05',	'cash',	'business'),
(697,	181,	'unchor (cash)',	85.00,	'2026-02-10 18:52:45-05',	'2026-02-10 18:52:58.01533-05',	'cash',	'business'),
(698,	182,	'Comida (cash)',	18.00,	'2026-02-10 20:09:59-05',	'2026-02-10 20:10:08.763717-05',	'cash',	'business'),
(699,	182,	'Envío ropa (tío) (cash)',	63.00,	'2026-02-10 20:10:32-05',	'2026-02-10 20:10:37.459791-05',	'cash',	'business'),
(700,	182,	'Menú Félix (cash)',	11.00,	'2026-02-10 20:10:50-05',	'2026-02-10 20:10:58.699314-05',	'cash',	'business'),
(701,	182,	'Pasaje agencia (cash)',	5.00,	'2026-02-10 20:11:05-05',	'2026-02-10 20:11:10.565723-05',	'cash',	'business'),
(702,	182,	'Envío a tío (yape)',	5.00,	'2026-02-10 20:11:36-05',	'2026-02-10 20:11:46.085986-05',	'yape',	'business'),
(703,	183,	'1x conjunto (cash)',	90.00,	'2026-02-11 18:30:10-05',	'2026-02-11 18:30:17.875041-05',	'cash',	'business'),
(704,	183,	'1x short (yape)',	80.00,	'2026-02-11 18:30:37-05',	'2026-02-11 18:30:42.158573-05',	'yape',	'business'),
(705,	183,	'1x polo (yape)',	50.00,	'2026-02-11 18:30:50-05',	'2026-02-11 18:30:55.463428-05',	'yape',	'business'),
(706,	183,	'1x polo (yape)',	50.00,	'2026-02-11 18:30:59-05',	'2026-02-11 18:31:07.017384-05',	'yape',	'business'),
(707,	183,	'1x polo (yape)',	75.00,	'2026-02-11 18:31:09-05',	'2026-02-11 18:31:18.021034-05',	'yape',	'business'),
(708,	183,	'1x camisa (yape)',	90.00,	'2026-02-11 18:31:20-05',	'2026-02-11 18:31:29.915172-05',	'yape',	'business'),
(709,	183,	'1x polo (cash)',	45.00,	'2026-02-11 18:31:31-05',	'2026-02-11 18:31:39.709111-05',	'cash',	'business'),
(710,	183,	'1x conjunto (yape)',	85.00,	'2026-02-11 18:31:45-05',	'2026-02-11 18:31:55.736998-05',	'yape',	'business'),
(711,	184,	'Comida (cash)',	18.00,	'2026-02-11 20:21:33-05',	'2026-02-11 20:21:39.405341-05',	'cash',	'business'),
(712,	185,	'1x pantalón (cash)',	85.00,	'2026-02-12 19:55:31-05',	'2026-02-12 19:55:37.927298-05',	'cash',	'business'),
(713,	185,	'1x polo manga corta (yape)',	25.00,	'2026-02-12 19:55:51-05',	'2026-02-12 19:55:57.257352-05',	'yape',	'business'),
(714,	185,	'1x pantalón (cash)',	60.00,	'2026-02-12 19:56:28-05',	'2026-02-12 19:56:34.179578-05',	'cash',	'business'),
(715,	185,	'1x polo (cash)',	90.00,	'2026-02-12 19:57:15-05',	'2026-02-12 19:57:21.519801-05',	'cash',	'business'),
(716,	185,	'1x short (cash)',	60.00,	'2026-02-12 19:57:26-05',	'2026-02-12 19:57:32.617576-05',	'cash',	'business'),
(717,	185,	'sobre (cash)',	65.00,	'2026-02-12 19:57:41-05',	'2026-02-12 19:57:48.113565-05',	'cash',	'business'),
(718,	185,	'Bolo 50 soles (yape)',	50.00,	'2026-02-12 19:57:50-05',	'2026-02-12 19:57:57.229141-05',	'yape',	'business'),
(719,	185,	'1 pantalón',	95.00,	'2026-02-12 19:58:13-05',	'2026-02-12 19:58:18.972736-05',	'cash',	'business'),
(720,	185,	'1x polo manga corta (yape)',	30.00,	'2026-02-12 20:00:02-05',	'2026-02-12 20:00:06.536743-05',	'yape',	'business'),
(721,	185,	'1x polo (yape)',	50.00,	'2026-02-12 20:00:45-05',	'2026-02-12 20:00:48.981378-05',	'yape',	'business'),
(722,	185,	'1x casaca (cash)',	110.00,	'2026-02-12 20:01:06-05',	'2026-02-12 20:01:10.74783-05',	'cash',	'business'),
(723,	185,	'1x short (cash)',	38.00,	'2026-02-12 20:01:21-05',	'2026-02-12 20:01:26.487564-05',	'cash',	'business'),
(724,	185,	'1x polo (cash)',	90.00,	'2026-02-12 20:01:30-05',	'2026-02-12 20:01:34.760219-05',	'cash',	'business'),
(725,	185,	'1x polo (cash)',	50.00,	'2026-02-12 20:01:37-05',	'2026-02-12 20:01:42.121638-05',	'cash',	'business'),
(726,	185,	'1x short (cash)',	85.00,	'2026-02-12 20:01:45-05',	'2026-02-12 20:01:48.989348-05',	'cash',	'business'),
(727,	185,	'1x polo (cash)',	45.00,	'2026-02-12 20:01:52-05',	'2026-02-12 20:01:56.955313-05',	'cash',	'business'),
(728,	186,	'Comida (cash)',	18.00,	'2026-02-12 20:14:35-05',	'2026-02-12 20:14:40.230319-05',	'cash',	'business'),
(729,	186,	'Lejía (cash)',	2.00,	'2026-02-12 20:15:33-05',	'2026-02-12 20:15:38.725283-05',	'cash',	'business'),
(730,	186,	'1x Ace (detergente) (cash)',	1.00,	'2026-02-12 20:15:49-05',	'2026-02-12 20:15:53.505329-05',	'cash',	'business'),
(731,	187,	'1x conjunto (cash)',	90.00,	'2026-02-13 17:38:15-05',	'2026-02-13 17:38:20.078938-05',	'cash',	'business'),
(732,	187,	'1 conjunto (cash)',	90.00,	'2026-02-13 17:38:41-05',	'2026-02-13 17:38:45.26044-05',	'cash',	'business'),
(733,	187,	'1x polo (cash)',	45.00,	'2026-02-13 17:38:47-05',	'2026-02-13 17:38:51.167031-05',	'cash',	'business'),
(734,	187,	'1x polo (cash)',	45.00,	'2026-02-13 17:38:53-05',	'2026-02-13 17:38:57.263833-05',	'cash',	'business'),
(735,	187,	'1x polo (cash)',	65.00,	'2026-02-13 17:39:00-05',	'2026-02-13 17:39:03.296463-05',	'cash',	'business'),
(736,	187,	'1x polo manga corta (cash)',	30.00,	'2026-02-13 17:39:08-05',	'2026-02-13 17:39:11.961004-05',	'cash',	'business'),
(737,	187,	'1x polo manga corta (cash)',	30.00,	'2026-02-13 17:39:15-05',	'2026-02-13 17:39:19.756119-05',	'cash',	'business'),
(738,	187,	'1 polo (cash)',	55.00,	'2026-02-13 17:39:24-05',	'2026-02-13 17:39:28.168316-05',	'cash',	'business'),
(739,	187,	'1 polo (cash)',	50.00,	'2026-02-13 17:39:30-05',	'2026-02-13 17:39:33.177496-05',	'cash',	'business'),
(740,	187,	'1 short (cash)',	65.00,	'2026-02-13 17:39:40-05',	'2026-02-13 17:39:51.591951-05',	'cash',	'business'),
(741,	187,	'1x polo (cash)',	45.00,	'2026-02-13 17:39:45-05',	'2026-02-13 17:39:54.307011-05',	'cash',	'business'),
(742,	187,	'1x polo manga corta (cash)',	30.00,	'2026-02-13 17:39:59-05',	'2026-02-13 17:40:04.949348-05',	'cash',	'business'),
(743,	187,	'1x pantalón (cash)',	105.00,	'2026-02-13 19:01:39-05',	'2026-02-13 19:01:45.633124-05',	'cash',	'business'),
(744,	187,	'1x short (cash)',	65.00,	'2026-02-13 19:01:51-05',	'2026-02-13 19:01:57.616244-05',	'cash',	'business'),
(745,	187,	'1x polo (yape)',	95.00,	'2026-02-13 19:02:06-05',	'2026-02-13 19:02:12.554304-05',	'yape',	'business'),
(746,	187,	'1x camisa (yape)',	90.00,	'2026-02-13 19:56:46-05',	'2026-02-13 19:56:50.155918-05',	'yape',	'business'),
(747,	187,	'1x polo (cash)',	60.00,	'2026-02-13 19:56:59-05',	'2026-02-13 19:57:03.690817-05',	'cash',	'business'),
(748,	187,	'1x polo (cash)',	50.00,	'2026-02-13 19:57:12-05',	'2026-02-13 19:57:15.53281-05',	'cash',	'business'),
(749,	188,	'Comida (cash)',	18.00,	'2026-02-13 20:07:43-05',	'2026-02-13 20:07:47.008988-05',	'cash',	'business'),
(750,	189,	'1x camisa (cash)',	90.00,	'2026-02-14 18:37:42-05',	'2026-02-14 18:37:46.874807-05',	'cash',	'business'),
(751,	189,	'1x camisa manga larga (cash)',	125.00,	'2026-02-14 18:38:02-05',	'2026-02-14 18:38:06.236532-05',	'cash',	'business'),
(752,	189,	'1x camisa (yape)',	75.00,	'2026-02-14 18:38:26-05',	'2026-02-14 18:38:31.409026-05',	'yape',	'business'),
(753,	189,	'2x polo (S/25.00 c/u) (cash)',	50.00,	'2026-02-14 18:39:01-05',	'2026-02-14 18:39:07.947154-05',	'cash',	'business'),
(754,	189,	'1x polo (cash)',	40.00,	'2026-02-14 18:39:34-05',	'2026-02-14 18:39:38.385345-05',	'cash',	'business'),
(755,	189,	'1x polo (cash)',	45.00,	'2026-02-14 18:39:43-05',	'2026-02-14 18:39:47.716015-05',	'cash',	'business'),
(756,	189,	'1 polo (cash)',	50.00,	'2026-02-14 18:39:53-05',	'2026-02-14 18:39:57.046261-05',	'cash',	'business'),
(757,	189,	'1x polo (cash)',	45.00,	'2026-02-14 18:40:00-05',	'2026-02-14 18:40:03.222263-05',	'cash',	'business'),
(758,	189,	'Short (prenda) (yape)',	65.00,	'2026-02-14 18:40:15-05',	'2026-02-14 18:40:21.1679-05',	'yape',	'business'),
(759,	189,	'1x polo (cash)',	90.00,	'2026-02-14 18:40:41-05',	'2026-02-14 18:40:44.667792-05',	'cash',	'business'),
(760,	189,	'1x polo (yape)',	90.00,	'2026-02-14 18:40:54-05',	'2026-02-14 18:40:58.975461-05',	'yape',	'business'),
(761,	189,	'1x polo (yape)',	45.00,	'2026-02-14 18:41:07-05',	'2026-02-14 18:41:12.243186-05',	'yape',	'business'),
(762,	189,	'1x short (cash)',	70.00,	'2026-02-14 18:41:24-05',	'2026-02-14 18:41:28.128221-05',	'cash',	'business'),
(763,	189,	'1x polo malla (cash)',	25.00,	'2026-02-14 18:41:45-05',	'2026-02-14 18:41:49.426157-05',	'cash',	'business'),
(764,	189,	'1x polo (yape)',	95.00,	'2026-02-14 18:42:04-05',	'2026-02-14 18:42:10.58116-05',	'yape',	'business'),
(765,	189,	'1x polo (cash)',	90.00,	'2026-02-14 18:42:21-05',	'2026-02-14 18:42:26.452815-05',	'cash',	'business'),
(766,	189,	'1x short (cash)',	75.00,	'2026-02-14 18:42:33-05',	'2026-02-14 18:42:37.499164-05',	'cash',	'business'),
(767,	189,	'1x polo (cash)',	95.00,	'2026-02-14 18:42:44-05',	'2026-02-14 18:42:47.623918-05',	'cash',	'business'),
(768,	189,	'1x polo (cash)',	50.00,	'2026-02-14 18:42:51-05',	'2026-02-14 18:42:55.685266-05',	'cash',	'business'),
(769,	189,	'1x polo (yape)',	50.00,	'2026-02-14 18:43:01-05',	'2026-02-14 18:43:06.674874-05',	'yape',	'business'),
(770,	189,	'1x polo manga corta (cash)',	50.00,	'2026-02-14 19:45:40-05',	'2026-02-14 19:45:55.008659-05',	'cash',	'business'),
(771,	189,	'1x conjunto (cash)',	95.00,	'2026-02-14 20:34:11-05',	'2026-02-14 20:34:15.049979-05',	'cash',	'business'),
(772,	189,	'1 polo manga corta (yape)',	30.00,	'2026-02-14 20:34:27-05',	'2026-02-14 20:34:30.683388-05',	'yape',	'business'),
(773,	189,	'1x polo manga corta (yape)',	30.00,	'2026-02-14 20:34:39-05',	'2026-02-14 20:34:42.535808-05',	'yape',	'business'),
(774,	190,	'Comida (cash)',	18.00,	'2026-02-14 21:19:47-05',	'2026-02-14 21:19:50.812593-05',	'cash',	'business'),
(775,	190,	'Pago a Gael (cash)',	240.00,	'2026-02-14 21:20:05-05',	'2026-02-14 21:20:09.231599-05',	'cash',	'business'),
(776,	190,	'Pago a Jade (cash)',	155.00,	'2026-02-14 21:20:41-05',	'2026-02-14 21:20:45.037998-05',	'cash',	'business'),
(777,	191,	'Prestamo yape papa',	100.00,	'2026-02-13 10:06:00-05',	'2026-02-16 07:08:15.39187-05',	'yape',	'personal'),
(778,	192,	'Compra comida',	67.00,	'2026-02-13 10:28:00-05',	'2026-02-16 07:11:27.192367-05',	'yape',	'personal'),
(779,	193,	'Compra mikes',	45.00,	'2026-02-14 22:58:00-05',	'2026-02-16 07:14:29.70739-05',	'yape',	'personal'),
(780,	194,	'Compra mikes',	37.00,	'2026-02-14 03:00:00-05',	'2026-02-16 07:15:26.591307-05',	'yape',	'personal'),
(781,	195,	'Pasaje padre',	950.00,	'2026-02-14 09:12:00-05',	'2026-02-16 07:17:13.154343-05',	'yape',	'personal'),
(782,	196,	'1x polo (cash)',	50.00,	'2026-02-16 19:23:51-05',	'2026-02-16 19:23:57.894825-05',	'cash',	'business'),
(783,	196,	'1x polo (cash)',	50.00,	'2026-02-16 19:24:08-05',	'2026-02-16 19:24:12.105224-05',	'cash',	'business'),
(784,	196,	'1 polo (yape)',	90.00,	'2026-02-16 19:24:20-05',	'2026-02-16 19:24:24.840379-05',	'yape',	'business'),
(785,	196,	'1 polo (yape)',	50.00,	'2026-02-16 19:24:27-05',	'2026-02-16 19:24:31.638283-05',	'yape',	'business'),
(786,	196,	'1x polo (cash)',	45.00,	'2026-02-16 19:24:38-05',	'2026-02-16 19:24:42.808811-05',	'cash',	'business'),
(787,	196,	'1x pantalón (cash)',	80.00,	'2026-02-16 19:30:31-05',	'2026-02-16 19:30:36.012493-05',	'cash',	'business'),
(788,	196,	'1x polo (cash)',	50.00,	'2026-02-16 19:30:40-05',	'2026-02-16 19:30:44.183749-05',	'cash',	'business'),
(789,	196,	'1x casaca (yape)',	98.00,	'2026-02-16 19:31:02-05',	'2026-02-16 19:31:06.308961-05',	'yape',	'business'),
(790,	196,	'1x short (yape)',	75.00,	'2026-02-16 19:31:12-05',	'2026-02-16 19:31:17.213952-05',	'yape',	'business'),
(791,	196,	'1x short (yape)',	35.00,	'2026-02-16 19:31:24-05',	'2026-02-16 19:31:29.841184-05',	'yape',	'business'),
(792,	196,	'1x polo (yape)',	50.00,	'2026-02-16 19:31:31-05',	'2026-02-16 19:31:36.493955-05',	'yape',	'business'),
(793,	196,	'1x polo (yape)',	50.00,	'2026-02-16 19:31:39-05',	'2026-02-16 19:31:44.622688-05',	'yape',	'business'),
(794,	197,	'Comida (cash)',	18.00,	'2026-02-16 20:19:48-05',	'2026-02-16 20:19:51.969755-05',	'cash',	'business'),
(795,	198,	'1x polo (cash)',	50.00,	'2026-02-17 19:18:20-05',	'2026-02-17 19:18:27.117592-05',	'cash',	'business'),
(796,	198,	'1x pantalón (yape)',	80.00,	'2026-02-17 19:18:40-05',	'2026-02-17 19:18:47.273224-05',	'yape',	'business'),
(797,	198,	'1x polo (yape)',	45.00,	'2026-02-17 19:19:03-05',	'2026-02-17 19:19:09.751524-05',	'yape',	'business'),
(798,	198,	'1x polo (yape)',	45.00,	'2026-02-17 19:19:18-05',	'2026-02-17 19:19:24.936211-05',	'yape',	'business'),
(799,	198,	'1x short (yape)',	80.00,	'2026-02-17 19:19:29-05',	'2026-02-17 19:19:36.541845-05',	'yape',	'business'),
(800,	198,	'1x polo (yape)',	38.00,	'2026-02-17 19:19:38-05',	'2026-02-17 19:19:45.534614-05',	'yape',	'business'),
(801,	198,	'1x short (cash)',	65.00,	'2026-02-17 19:19:47-05',	'2026-02-17 19:19:55.222052-05',	'cash',	'business'),
(802,	198,	'1x conjunto (yape)',	180.00,	'2026-02-17 19:20:03-05',	'2026-02-17 19:20:10.289689-05',	'yape',	'business'),
(803,	198,	'1x polo (cash)',	48.00,	'2026-02-17 19:20:19-05',	'2026-02-17 19:20:25.178351-05',	'cash',	'business'),
(804,	198,	'1x polo (cash)',	45.00,	'2026-02-17 19:20:27-05',	'2026-02-17 19:20:33.162221-05',	'cash',	'business'),
(805,	199,	'Comida (yape)',	18.00,	'2026-02-17 20:40:45-05',	'2026-02-17 20:40:51.06832-05',	'yape',	'business'),
(806,	199,	'Incienso (yape)',	2.00,	'2026-02-17 20:41:15-05',	'2026-02-17 20:41:20.367822-05',	'yape',	'business'),
(807,	200,	'1x polera (cash)',	80.00,	'2026-02-18 19:16:38-05',	'2026-02-18 19:16:44.498218-05',	'cash',	'business'),
(808,	200,	'1 polo (yape)',	45.00,	'2026-02-18 19:17:02-05',	'2026-02-18 19:17:08.472586-05',	'yape',	'business'),
(809,	200,	'1x pantalón (cash)',	85.00,	'2026-02-18 19:17:23-05',	'2026-02-18 19:17:31.868503-05',	'cash',	'business'),
(810,	200,	'1 polo (cash)',	45.00,	'2026-02-18 19:17:35-05',	'2026-02-18 19:17:42.697363-05',	'cash',	'business'),
(811,	200,	'1x polo (cash)',	50.00,	'2026-02-18 19:18:20-05',	'2026-02-18 19:18:25.974362-05',	'cash',	'business'),
(812,	200,	'1x short (cash)',	65.00,	'2026-02-18 19:18:29-05',	'2026-02-18 19:18:37.680133-05',	'cash',	'business'),
(813,	200,	'1 short (cash)',	65.00,	'2026-02-18 19:18:39-05',	'2026-02-18 19:18:46.970781-05',	'cash',	'business'),
(814,	200,	'1 polo (cash)',	45.00,	'2026-02-18 19:18:51-05',	'2026-02-18 19:18:57.046992-05',	'cash',	'business'),
(815,	200,	'1x polo (cash)',	45.00,	'2026-02-18 19:18:58-05',	'2026-02-18 19:19:04.438278-05',	'cash',	'business'),
(816,	200,	'1x polo (cash)',	45.00,	'2026-02-18 19:19:06-05',	'2026-02-18 19:19:12.87017-05',	'cash',	'business'),
(817,	200,	'1x polo (cash)',	45.00,	'2026-02-18 19:57:14-05',	'2026-02-18 19:57:20.603041-05',	'cash',	'business'),
(818,	200,	'1x short (cash)',	80.00,	'2026-02-18 19:57:23-05',	'2026-02-18 19:57:28.713962-05',	'cash',	'business'),
(819,	201,	'Comida (cash)',	18.00,	'2026-02-18 20:29:46-05',	'2026-02-18 20:29:52.609032-05',	'cash',	'business'),
(820,	202,	'1x polo (yape)',	45.00,	'2026-02-19 18:54:41-05',	'2026-02-19 18:54:48.609664-05',	'yape',	'business'),
(821,	202,	'1x polo (cash)',	50.00,	'2026-02-19 18:54:58-05',	'2026-02-19 18:55:05.962378-05',	'cash',	'business'),
(822,	202,	'1x short (cash)',	85.00,	'2026-02-19 18:55:15-05',	'2026-02-19 18:55:20.111988-05',	'cash',	'business'),
(823,	202,	'1x polo (yape)',	45.00,	'2026-02-19 18:55:25-05',	'2026-02-19 18:55:32.734566-05',	'yape',	'business'),
(824,	202,	'1x pantalón (yape)',	85.00,	'2026-02-19 18:55:34-05',	'2026-02-19 18:55:38.404084-05',	'yape',	'business'),
(825,	202,	'1x polo (cash)',	38.00,	'2026-02-19 18:55:40-05',	'2026-02-19 18:55:48.065545-05',	'cash',	'business'),
(826,	203,	'Comida (cash)',	18.00,	'2026-02-19 20:37:18-05',	'2026-02-19 20:37:23.654913-05',	'cash',	'business'),
(827,	204,	'1x polo (cash)',	45.00,	'2026-02-20 20:05:49-05',	'2026-02-20 20:06:00.869842-05',	'cash',	'business'),
(828,	204,	'1x conjunto (yape)',	90.00,	'2026-02-20 20:06:16-05',	'2026-02-20 20:06:21.859884-05',	'yape',	'business'),
(829,	204,	'1x short (yape)',	65.00,	'2026-02-20 20:06:27-05',	'2026-02-20 20:06:35.176853-05',	'yape',	'business'),
(830,	204,	'1x polo (cash)',	50.00,	'2026-02-20 20:07:23-05',	'2026-02-20 20:07:29.05825-05',	'cash',	'business'),
(831,	204,	'1x casaca (cash)',	110.00,	'2026-02-20 20:07:38-05',	'2026-02-20 20:07:43.656357-05',	'cash',	'business'),
(832,	204,	'1x pantalón (yape)',	90.00,	'2026-02-20 20:07:50-05',	'2026-02-20 20:07:56.055343-05',	'yape',	'business'),
(833,	204,	'1x polo (yape)',	85.00,	'2026-02-20 20:08:00-05',	'2026-02-20 20:08:07.709494-05',	'yape',	'business'),
(834,	205,	'Comida (cash)',	18.00,	'2026-02-20 20:50:07-05',	'2026-02-20 20:50:16.479309-05',	'cash',	'business'),
(835,	205,	'Poet (cash)',	3.50,	'2026-02-20 20:50:26-05',	'2026-02-20 20:50:31.549979-05',	'cash',	'business'),
(836,	205,	'Incienso (cash)',	2.00,	'2026-02-20 20:51:44-05',	'2026-02-20 20:51:50.635097-05',	'cash',	'business'),
(837,	206,	'1x conjunto (cash)',	90.00,	'2026-02-21 17:44:21-05',	'2026-02-21 17:44:27.541137-05',	'cash',	'business'),
(838,	206,	'1x polo (cash)',	50.00,	'2026-02-21 17:45:55-05',	'2026-02-21 17:46:00.612977-05',	'cash',	'business'),
(839,	206,	'1x short (cash)',	50.00,	'2026-02-21 17:46:07-05',	'2026-02-21 17:46:13.555942-05',	'cash',	'business'),
(840,	206,	'1x polo (cash)',	45.00,	'2026-02-21 17:46:15-05',	'2026-02-21 17:46:22.362529-05',	'cash',	'business'),
(841,	206,	'1x conjunto (cash)',	90.00,	'2026-02-21 17:46:45-05',	'2026-02-21 17:46:50.76805-05',	'cash',	'business'),
(842,	206,	'Recojo 1x conjunto (cash)',	40.00,	'2026-02-21 17:47:10-05',	'2026-02-21 17:47:17.178197-05',	'cash',	'business'),
(843,	206,	'1x polo (cash)',	45.00,	'2026-02-21 17:47:51-05',	'2026-02-21 17:47:58.566206-05',	'cash',	'business'),
(844,	206,	'1x conjunto (cash)',	85.00,	'2026-02-21 17:48:00-05',	'2026-02-21 17:48:06.69983-05',	'cash',	'business'),
(845,	206,	'1x short (cash)',	60.00,	'2026-02-21 17:48:08-05',	'2026-02-21 17:48:15.351387-05',	'cash',	'business'),
(846,	206,	'1x short (cash)',	45.00,	'2026-02-21 17:48:17-05',	'2026-02-21 17:48:22.004497-05',	'cash',	'business'),
(847,	206,	'1x polo (cash)',	45.00,	'2026-02-21 17:56:25-05',	'2026-02-21 17:56:31.259856-05',	'cash',	'business'),
(848,	206,	'1x casaca (yape)',	95.00,	'2026-02-21 17:56:39-05',	'2026-02-21 17:56:45.138961-05',	'yape',	'business'),
(849,	206,	'1x polo (cash)',	50.00,	'2026-02-21 17:56:52-05',	'2026-02-21 17:57:01.762723-05',	'cash',	'business'),
(850,	206,	'1 polo (yape)',	45.00,	'2026-02-21 17:57:02-05',	'2026-02-21 17:57:09.240811-05',	'yape',	'business'),
(851,	206,	'1x pantalón (yape)',	90.00,	'2026-02-21 17:57:15-05',	'2026-02-21 17:57:19.978112-05',	'yape',	'business'),
(852,	206,	'1x polo (cash)',	45.00,	'2026-02-21 19:43:55-05',	'2026-02-21 19:44:01.536089-05',	'cash',	'business'),
(853,	206,	'1x polo (cash)',	50.00,	'2026-02-21 19:44:06-05',	'2026-02-21 19:44:12.136601-05',	'cash',	'business'),
(854,	206,	'1x conjunto (cash)',	110.00,	'2026-02-21 19:44:20-05',	'2026-02-21 19:44:25.629952-05',	'cash',	'business'),
(855,	206,	'1x polo (cash)',	50.00,	'2026-02-21 19:44:26-05',	'2026-02-21 19:44:30.2892-05',	'cash',	'business'),
(856,	206,	'1x polo manga corta (cash)',	30.00,	'2026-02-21 19:44:39-05',	'2026-02-21 19:44:44.956715-05',	'cash',	'business'),
(857,	206,	'1x polo (yape)',	38.00,	'2026-02-21 19:56:34-05',	'2026-02-21 19:56:40.992495-05',	'yape',	'business'),
(858,	206,	'1x pantalón (cash)',	90.00,	'2026-02-21 19:56:49-05',	'2026-02-21 19:56:56.74896-05',	'cash',	'business'),
(859,	206,	'1x short (cash)',	70.00,	'2026-02-21 20:10:54-05',	'2026-02-21 20:11:02.523626-05',	'cash',	'business'),
(860,	206,	'1x conjunto (cash)',	85.00,	'2026-02-21 20:32:23-05',	'2026-02-21 20:32:31.28939-05',	'cash',	'business'),
(864,	208,	'1 short (cash)',	65.00,	'2026-02-23 18:22:22-05',	'2026-02-23 18:22:27.673833-05',	'cash',	'business'),
(865,	208,	'1x polo manga corta (cash)',	50.00,	'2026-02-23 18:22:39-05',	'2026-02-23 18:22:45.629172-05',	'cash',	'business'),
(866,	208,	'1x polo (cash)',	45.00,	'2026-02-23 18:22:47-05',	'2026-02-23 18:22:52.558758-05',	'cash',	'business'),
(867,	208,	'1x short (cash)',	70.00,	'2026-02-23 18:22:57-05',	'2026-02-23 18:23:02.709245-05',	'cash',	'business'),
(868,	208,	'1x polo (cash)',	50.00,	'2026-02-23 18:23:06-05',	'2026-02-23 18:23:11.558738-05',	'cash',	'business'),
(869,	208,	'1x polo (cash)',	45.00,	'2026-02-23 18:23:13-05',	'2026-02-23 18:23:18.116145-05',	'cash',	'business'),
(870,	208,	'1x polo (cash)',	45.00,	'2026-02-23 18:23:21-05',	'2026-02-23 18:23:26.128508-05',	'cash',	'business'),
(871,	208,	'1x polo manga corta (cash)',	30.00,	'2026-02-23 18:23:28-05',	'2026-02-23 18:23:40.271067-05',	'cash',	'business'),
(872,	208,	'1x polo (cash)',	50.00,	'2026-02-23 18:23:33-05',	'2026-02-23 18:23:44.437744-05',	'cash',	'business'),
(873,	208,	'1x polo (yape)',	95.00,	'2026-02-23 18:23:42-05',	'2026-02-23 18:23:50.108477-05',	'yape',	'business'),
(874,	208,	'1x polo (cash)',	95.00,	'2026-02-23 18:23:54-05',	'2026-02-23 18:24:01.146229-05',	'cash',	'business'),
(875,	208,	'1x conjunto (cash)',	85.00,	'2026-02-23 18:24:12-05',	'2026-02-23 18:24:18.618618-05',	'cash',	'business'),
(876,	208,	'1x polo (cash)',	45.00,	'2026-02-23 18:24:20-05',	'2026-02-23 18:24:24.493433-05',	'cash',	'business'),
(877,	208,	'1x polo (cash)',	45.00,	'2026-02-23 18:24:31-05',	'2026-02-23 18:24:36.014486-05',	'cash',	'business'),
(878,	208,	'1x pantalón (cash)',	110.00,	'2026-02-23 18:55:37-05',	'2026-02-23 18:55:44.503144-05',	'cash',	'business'),
(879,	208,	'1x short (cash)',	65.00,	'2026-02-23 18:55:47-05',	'2026-02-23 18:55:53.254073-05',	'cash',	'business'),
(880,	208,	'1x polo (cash)',	50.00,	'2026-02-23 18:55:55-05',	'2026-02-23 18:56:02.052217-05',	'cash',	'business'),
(881,	208,	'1x polo (cash)',	45.00,	'2026-02-23 19:46:11-05',	'2026-02-23 19:46:16.403016-05',	'cash',	'business'),
(882,	208,	'1x polo (cash)',	38.00,	'2026-02-23 19:46:19-05',	'2026-02-23 19:46:26.472005-05',	'cash',	'business'),
(883,	208,	'1x polo (cash)',	45.00,	'2026-02-23 19:46:29-05',	'2026-02-23 19:46:37.353485-05',	'cash',	'business'),
(884,	208,	'1x polo (cash)',	50.00,	'2026-02-23 19:55:41-05',	'2026-02-23 19:55:46.761376-05',	'cash',	'business'),
(888,	210,	'1x conjunto (cash)',	95.00,	'2026-02-23 20:23:22-05',	'2026-02-23 20:23:31.805838-05',	'cash',	'business'),
(861,	207,	'Comida (cash)',	18.00,	'2026-02-21 18:21:00-05',	'2026-02-23 18:21:27.453529-05',	'cash',	'business'),
(862,	207,	'Pago a Gael (cash)',	240.00,	'2026-02-21 18:21:00-05',	'2026-02-23 18:21:43.184983-05',	'cash',	'business'),
(863,	207,	'Pago a Jade (cash)',	155.00,	'2026-02-21 18:21:00-05',	'2026-02-23 18:21:51.363141-05',	'cash',	'business'),
(886,	209,	'Poet (cash)',	3.50,	'2026-02-23 20:07:00-05',	'2026-02-23 20:07:31.801252-05',	'yape',	'business'),
(887,	209,	'Incienso (cash)',	2.00,	'2026-02-23 20:07:00-05',	'2026-02-23 20:07:39.273449-05',	'yape',	'business'),
(885,	209,	'Comida (cash)',	18.00,	'2026-02-23 20:06:00-05',	'2026-02-23 20:06:17.927146-05',	'yape',	'business'),
(896,	211,	'Transferencia Plin - Nancy R (plin)',	150.00,	'2026-02-21 05:45:00-05',	'2026-02-24 13:36:32.353051-05',	'plin',	'personal'),
(897,	211,	'Yape - Juan C (yape)',	5.00,	'2026-02-23 18:38:00-05',	'2026-02-24 14:20:34.190775-05',	'yape',	'personal'),
(898,	211,	'Transferencia interbancaria (transfer)',	7.00,	'2026-02-23 18:24:00-05',	'2026-02-24 14:20:34.190775-05',	'transfer',	'personal'),
(899,	211,	'Yape - Yelitza (yape)',	120.00,	'2026-02-23 17:21:00-05',	'2026-02-24 14:20:34.190775-05',	'yape',	'personal'),
(900,	211,	'Yape - Juan C (yape)',	5.00,	'2026-02-23 16:06:00-05',	'2026-02-24 14:20:34.190775-05',	'yape',	'personal'),
(901,	211,	'Yape - Alexand (yape)',	20.00,	'2026-02-23 11:45:00-05',	'2026-02-24 14:20:34.190775-05',	'yape',	'personal'),
(902,	211,	'Yape - Cruz C (yape)',	5.00,	'2026-02-23 11:40:00-05',	'2026-02-24 14:20:34.190775-05',	'yape',	'personal'),
(903,	211,	'Yape - Cruz C (yape)',	10.00,	'2026-02-23 11:22:00-05',	'2026-02-24 14:20:34.190775-05',	'yape',	'personal'),
(904,	211,	'Yape - Lida Z (yape)',	100.00,	'2026-02-23 11:21:00-05',	'2026-02-24 14:20:34.190775-05',	'yape',	'personal'),
(905,	211,	'Yape - Cecilia (yape)',	50.00,	'2026-02-22 23:30:00-05',	'2026-02-24 14:20:34.190775-05',	'yape',	'personal'),
(889,	211,	'Transferencia Yape - Edgar H (yape)',	7.00,	'2026-02-22 17:42:00-05',	'2026-02-24 13:36:32.353051-05',	'yape',	'personal'),
(890,	211,	'Transferencia Yape - Felix A (yape)',	5.00,	'2026-02-22 17:25:00-05',	'2026-02-24 13:36:32.353051-05',	'yape',	'personal'),
(891,	211,	'Transferencia Yape - Felix A (yape)',	45.00,	'2026-02-22 17:23:00-05',	'2026-02-24 13:36:32.353051-05',	'yape',	'personal'),
(892,	211,	'Transferencia Yape - Edgar H (yape)',	65.00,	'2026-02-22 16:12:00-05',	'2026-02-24 13:36:32.353051-05',	'yape',	'personal'),
(893,	211,	'Transferencia Yape - Carmen (yape)',	100.00,	'2026-02-22 10:59:00-05',	'2026-02-24 13:36:32.353051-05',	'yape',	'personal'),
(894,	211,	'Transferencia Yape - Lincoln (yape)',	40.00,	'2026-02-21 10:14:00-05',	'2026-02-24 13:36:32.353051-05',	'yape',	'personal'),
(895,	211,	'Transferencia Yape - Roger W (yape)',	120.00,	'2026-02-21 09:26:00-05',	'2026-02-24 13:36:32.353051-05',	'yape',	'personal'),
(906,	212,	'1x pantalón (yape)',	78.00,	'2026-02-24 18:45:53-05',	'2026-02-24 18:46:00.21297-05',	'yape',	'business'),
(907,	212,	'1x pantalón (yape)',	78.00,	'2026-02-24 18:46:08-05',	'2026-02-24 18:46:15.532923-05',	'yape',	'business'),
(908,	212,	'1x polo manga corta (yape)',	28.00,	'2026-02-24 18:46:28-05',	'2026-02-24 18:46:34.467804-05',	'yape',	'business'),
(909,	212,	'1x polo manga corta (yape)',	28.00,	'2026-02-24 18:46:39-05',	'2026-02-24 18:46:47.580794-05',	'yape',	'business'),
(910,	212,	'1x polo (yape)',	45.00,	'2026-02-24 18:46:46-05',	'2026-02-24 18:46:53.049292-05',	'yape',	'business'),
(911,	212,	'1x camisa (yape)',	75.00,	'2026-02-24 18:46:55-05',	'2026-02-24 18:47:02.309269-05',	'yape',	'business'),
(912,	212,	'1x camisa (yape)',	75.00,	'2026-02-24 18:47:04-05',	'2026-02-24 18:47:17.219275-05',	'yape',	'business'),
(913,	212,	'1x conjunto (cash)',	90.00,	'2026-02-24 18:47:25-05',	'2026-02-24 18:47:31.954337-05',	'cash',	'business'),
(914,	212,	'1x pantalón (cash)',	90.00,	'2026-02-24 18:47:33-05',	'2026-02-24 18:47:38.811523-05',	'cash',	'business'),
(915,	212,	'1x casaca (cash)',	95.00,	'2026-02-24 18:47:47-05',	'2026-02-24 18:47:53.404372-05',	'cash',	'business'),
(916,	212,	'1x polo manga corta (yape)',	30.00,	'2026-02-24 19:46:02-05',	'2026-02-24 19:46:11.190625-05',	'yape',	'business'),
(917,	212,	'1x camisa (yape)',	80.00,	'2026-02-24 19:46:14-05',	'2026-02-24 19:46:19.067994-05',	'yape',	'business'),
(918,	213,	'Comida (cash)',	18.00,	'2026-02-24 19:49:13-05',	'2026-02-24 19:49:21.268239-05',	'cash',	'business'),
(919,	213,	'Gorra de Félix (yape)',	50.00,	'2026-02-24 19:49:28-05',	'2026-02-24 19:49:33.483258-05',	'yape',	'business'),
(920,	214,	'1x conjunto (cash)',	90.00,	'2026-02-25 18:38:07-05',	'2026-02-25 18:38:15.736109-05',	'cash',	'business'),
(921,	214,	'1x polo (cash)',	50.00,	'2026-02-25 18:38:27-05',	'2026-02-25 18:38:34.177083-05',	'cash',	'business'),
(922,	214,	'1x polo manga corta (cash)',	30.00,	'2026-02-25 18:38:40-05',	'2026-02-25 18:38:46.85491-05',	'cash',	'business'),
(923,	214,	'1x pantalón (cash)',	90.00,	'2026-02-25 18:38:49-05',	'2026-02-25 18:38:54.364698-05',	'cash',	'business'),
(924,	214,	'1x pantalón (cash)',	90.00,	'2026-02-25 18:38:58-05',	'2026-02-25 18:39:04.557855-05',	'cash',	'business'),
(925,	215,	'Comida (cash)',	18.00,	'2026-02-25 21:22:01-05',	'2026-02-25 21:22:08.726783-05',	'cash',	'business'),
(926,	215,	'Incienso (cash)',	4.00,	'2026-02-25 21:22:10-05',	'2026-02-25 21:22:16.299786-05',	'cash',	'business'),
(927,	216,	'1x polo manga corta (cash)',	20.00,	'2026-02-26 22:28:02-05',	'2026-02-26 22:28:09.923738-05',	'cash',	'business'),
(928,	216,	'1 polo (cash)',	50.00,	'2026-02-26 22:28:36-05',	'2026-02-26 22:28:40.276697-05',	'cash',	'business'),
(929,	216,	'1x conjunto (yape)',	95.00,	'2026-02-26 22:28:51-05',	'2026-02-26 22:28:57.437551-05',	'yape',	'business'),
(930,	216,	'1 camisa (cash)',	70.00,	'2026-02-26 22:29:04-05',	'2026-02-26 22:29:10.239961-05',	'cash',	'business'),
(931,	216,	'1 short (cash)',	60.00,	'2026-02-26 22:29:19-05',	'2026-02-26 22:29:29.766071-05',	'cash',	'business'),
(932,	217,	'Comida (cash)',	18.00,	'2026-02-26 22:33:17-05',	'2026-02-26 22:33:22.820189-05',	'cash',	'business'),
(933,	218,	'1x polo manga corta (cash)',	25.00,	'2026-02-27 18:59:32-05',	'2026-02-27 18:59:36.774014-05',	'cash',	'business'),
(934,	218,	'1x conjunto (cash)',	90.00,	'2026-02-27 18:59:45-05',	'2026-02-27 18:59:50.305157-05',	'cash',	'business'),
(935,	218,	'1x polo (cash)',	90.00,	'2026-02-27 18:59:57-05',	'2026-02-27 19:00:03.450667-05',	'cash',	'business'),
(936,	218,	'1x short (yape)',	60.00,	'2026-02-27 19:00:06-05',	'2026-02-27 19:00:11.65851-05',	'yape',	'business'),
(937,	218,	'1 polo (cash)',	95.00,	'2026-02-27 19:00:16-05',	'2026-02-27 19:00:30.790199-05',	'cash',	'business'),
(938,	218,	'1x casaca (cash)',	95.00,	'2026-02-27 19:00:35-05',	'2026-02-27 19:00:41.315532-05',	'cash',	'business'),
(939,	218,	'1x casaca (cash)',	95.00,	'2026-02-27 19:09:52-05',	'2026-02-27 19:09:57.070899-05',	'cash',	'business'),
(940,	218,	'1x conjunto (yape)',	185.00,	'2026-02-27 19:10:23-05',	'2026-02-27 19:10:30.993201-05',	'yape',	'business'),
(941,	218,	'1x polo (yape)',	38.00,	'2026-02-27 19:10:43-05',	'2026-02-27 19:10:49.763516-05',	'yape',	'business'),
(942,	219,	'Comida (cash)',	18.00,	'2026-02-27 20:59:31-05',	'2026-02-27 20:59:39.977788-05',	'cash',	'business'),
(943,	219,	'Poet (cash)',	7.00,	'2026-02-27 20:59:51-05',	'2026-02-27 20:59:57.04449-05',	'cash',	'business'),
(944,	219,	'Lejía (cash)',	2.00,	'2026-02-27 20:59:59-05',	'2026-02-27 21:00:05.137999-05',	'cash',	'business'),
(945,	219,	'Pago de Internet (cash)',	60.00,	'2026-02-27 21:00:10-05',	'2026-02-27 21:00:16.222173-05',	'cash',	'business'),
(946,	220,	'1x conjunto (cash)',	90.00,	'2026-02-28 19:15:54-05',	'2026-02-28 19:16:02.91399-05',	'cash',	'business'),
(947,	220,	'1x conjunto (cash)',	90.00,	'2026-02-28 19:16:17-05',	'2026-02-28 19:16:24.589571-05',	'cash',	'business'),
(948,	220,	'1x polo (cash)',	45.00,	'2026-02-28 19:16:38-05',	'2026-02-28 19:16:44.190692-05',	'cash',	'business'),
(949,	220,	'1x conjunto (cash)',	90.00,	'2026-02-28 19:16:45-05',	'2026-02-28 19:16:50.872744-05',	'cash',	'business'),
(950,	220,	'1x conjunto (cash)',	90.00,	'2026-02-28 19:16:55-05',	'2026-02-28 19:16:59.027957-05',	'cash',	'business'),
(951,	220,	'1x short (cash)',	80.00,	'2026-02-28 19:17:02-05',	'2026-02-28 19:17:06.327548-05',	'cash',	'business'),
(952,	220,	'1x polo (yape)',	85.00,	'2026-02-28 19:17:11-05',	'2026-02-28 19:17:16.193331-05',	'yape',	'business'),
(953,	220,	'1x polo (cash)',	45.00,	'2026-02-28 19:17:17-05',	'2026-02-28 19:17:22.397016-05',	'cash',	'business'),
(954,	220,	'1x polo (cash)',	45.00,	'2026-02-28 19:17:24-05',	'2026-02-28 19:17:30.045528-05',	'cash',	'business'),
(955,	220,	'1x pantalón (cash)',	120.00,	'2026-02-28 19:17:45-05',	'2026-02-28 19:17:48.75048-05',	'cash',	'business'),
(956,	220,	'1x polo (yape)',	50.00,	'2026-02-28 19:21:27-05',	'2026-02-28 19:21:33.496178-05',	'yape',	'business'),
(957,	220,	'1x polo (cash)',	50.00,	'2026-02-28 19:21:36-05',	'2026-02-28 19:21:41.670223-05',	'cash',	'business'),
(958,	220,	'1x polo manga corta (cash)',	30.00,	'2026-02-28 21:09:07-05',	'2026-02-28 21:09:13.425158-05',	'cash',	'business'),
(959,	220,	'1x polo (yape)',	90.00,	'2026-02-28 21:09:20-05',	'2026-02-28 21:09:26.602977-05',	'yape',	'business'),
(960,	220,	'1x pantalón (yape)',	75.00,	'2026-02-28 21:09:46-05',	'2026-02-28 21:09:51.131101-05',	'yape',	'business'),
(961,	220,	'1x pantalón (cash)',	10.00,	'2026-03-02 09:03:59-05',	'2026-03-02 09:04:05.083475-05',	'cash',	'business'),
(962,	221,	'Compartilhei site de jogos (link) (cash)',	0.00,	'2026-04-07 10:40:43-05',	'2026-04-07 10:40:56.583204-05',	'cash',	'business');

DROP TABLE IF EXISTS "raw_inputs";
DROP SEQUENCE IF EXISTS raw_inputs_id_seq;
CREATE SEQUENCE raw_inputs_id_seq INCREMENT 1 MINVALUE 1 MAXVALUE 2147483647 CACHE 1;

CREATE TABLE "public"."raw_inputs" (
    "id" integer DEFAULT nextval('raw_inputs_id_seq') NOT NULL,
    "batch_id" integer NOT NULL,
    "input_type" text NOT NULL,
    "content_text" text,
    "created_at" timestamptz DEFAULT now(),
    CONSTRAINT "raw_inputs_pkey" PRIMARY KEY ("id")
)
WITH (oids = false);

INSERT INTO "raw_inputs" ("id", "batch_id", "input_type", "content_text", "created_at") VALUES
(179,	73,	'text',	'Pago de envío agencia 310 soles en plin',	'2026-01-15 11:19:20.138609-05'),
(186,	75,	'text',	'1 polo 50 soles',	'2026-01-15 19:46:11.279175-05'),
(187,	75,	'text',	'editar 7 precio es 45',	'2026-01-15 19:50:22.509945-05'),
(189,	76,	'image',	NULL,	'2026-01-15 20:23:21.875729-05'),
(191,	78,	'image',	NULL,	'2026-01-16 11:31:56.679295-05'),
(197,	79,	'text',	'1 zapatilla 135 en yape',	'2026-01-16 17:34:27.107473-05'),
(198,	79,	'text',	'1 camisa 80 soles',	'2026-01-16 17:34:46.067778-05'),
(199,	79,	'text',	'1 pantalón 90 soles',	'2026-01-16 17:35:04.504155-05'),
(200,	79,	'text',	'1 polo 50 soles',	'2026-01-16 17:35:17.396849-05'),
(201,	79,	'text',	'1 camisa 125 soles en yape',	'2026-01-16 17:35:38.69877-05'),
(202,	79,	'text',	'1 polo manga cero 30 soles en yape',	'2026-01-16 17:36:07.328749-05'),
(203,	79,	'text',	'1 polo 45 soles',	'2026-01-16 17:36:27.563641-05'),
(204,	79,	'text',	'1 Short 65 soles',	'2026-01-16 17:36:51.675645-05'),
(205,	79,	'text',	'1 polo 48 soles',	'2026-01-16 17:37:11.13008-05'),
(211,	79,	'text',	'1 casaca 95 soles',	'2026-01-16 19:50:41.239024-05'),
(212,	79,	'text',	'1 polera 80 soles',	'2026-01-16 19:50:58.430166-05'),
(213,	79,	'text',	'1 polo 65 soles',	'2026-01-16 19:51:18.257662-05'),
(214,	79,	'text',	'1 polo malla 35 soles',	'2026-01-16 19:51:42.446431-05'),
(215,	79,	'text',	'1 polo malla 25 soles en yape',	'2026-01-16 19:52:07.609227-05'),
(218,	80,	'text',	'3 menú 24 soles',	'2026-01-16 20:45:52.963721-05'),
(219,	80,	'text',	'1 Poet 3.50',	'2026-01-16 20:46:59.277617-05'),
(220,	80,	'text',	'1 lejia 0.50 soles',	'2026-01-16 20:47:22.172157-05'),
(222,	84,	'text',	'1 camisa 95 soles',	'2026-01-17 16:22:20.977437-05'),
(223,	84,	'text',	'1 polo 50 soles',	'2026-01-17 16:22:37.440145-05'),
(224,	84,	'text',	'1 pantalón 95 soles en yape',	'2026-01-17 16:23:01.438665-05'),
(225,	84,	'text',	'1 casaca 95 soles en yape',	'2026-01-17 16:23:35.076557-05'),
(226,	84,	'text',	'1 camisa 75 soles en yape',	'2026-01-17 16:24:07.365429-05'),
(227,	84,	'text',	'1 Short 75 soles',	'2026-01-17 16:24:36.999604-05'),
(237,	85,	'text',	'Bolsa 12 soles',	'2026-01-17 22:01:42.697894-05'),
(238,	85,	'text',	'Bolsa 9.50',	'2026-01-17 22:02:00.292223-05'),
(239,	85,	'text',	'3 menú 8 soles cada uno',	'2026-01-17 22:02:19.743001-05'),
(240,	85,	'text',	'Devolución a cliente de tío 100 soles',	'2026-01-17 22:03:05.600772-05'),
(241,	85,	'text',	'Pago de Gael 200 soles',	'2026-01-17 22:03:33.469972-05'),
(242,	87,	'text',	'1 casaca 98 soles',	'2026-01-19 19:02:12.608311-05'),
(243,	87,	'text',	'1 Short 50 soles',	'2026-01-19 19:02:33.782233-05'),
(244,	87,	'text',	'1 polo 50 soles en yape',	'2026-01-19 19:03:12.845345-05'),
(245,	87,	'text',	'1 polo 50 soles en yape',	'2026-01-19 19:03:32.344893-05'),
(246,	87,	'text',	'1 conjunto 110 soles',	'2026-01-19 19:03:57.282063-05'),
(247,	87,	'text',	'1 polo 45 soles',	'2026-01-19 19:04:13.856266-05'),
(248,	87,	'text',	'1 polera 80 soles',	'2026-01-19 19:04:29.973974-05'),
(250,	91,	'text',	'1 polo 50 soles',	'2026-01-20 19:51:40.269946-05'),
(251,	92,	'text',	'1 Short 65 soles',	'2026-01-20 19:53:02.610564-05'),
(252,	92,	'text',	'1 polo 45 soles',	'2026-01-20 19:53:28.357623-05'),
(253,	92,	'text',	'1 polo 50 soles',	'2026-01-20 19:53:46.484165-05'),
(254,	93,	'text',	'3 menú de 8 soles cada uno',	'2026-01-20 19:54:27.253693-05'),
(259,	95,	'text',	'3 menú 8 soles cada uno',	'2026-01-21 20:15:35.348866-05'),
(260,	95,	'text',	'1 Poet 3.50 soles',	'2026-01-21 20:16:01.155272-05'),
(268,	96,	'text',	'1 conjunto 90 soles',	'2026-01-22 19:30:52.856566-05'),
(269,	96,	'text',	'1 conjunto 90 soles',	'2026-01-22 19:31:18.775038-05'),
(270,	96,	'text',	'1 polo 45 soles',	'2026-01-22 19:31:48.007709-05'),
(271,	96,	'text',	'1 polo 38 soles en yape',	'2026-01-22 19:32:14.628846-05'),
(273,	98,	'text',	'1 conjunto 90 soles',	'2026-01-23 18:36:31.063193-05'),
(274,	98,	'text',	'1 Short 65 soles',	'2026-01-23 18:38:33.334832-05'),
(275,	98,	'text',	'1 polo 38 soles',	'2026-01-23 18:39:18.004342-05'),
(276,	98,	'text',	'1 Short 65 soles en yape',	'2026-01-23 18:39:58.96659-05'),
(277,	98,	'text',	'1 polo 45 soles en yape',	'2026-01-23 18:41:06.42569-05'),
(280,	100,	'text',	'1 polo 50 soles',	'2026-01-24 18:40:22.547837-05'),
(281,	100,	'text',	'1 casaca 110 soles en yape',	'2026-01-24 18:41:55.683702-05'),
(282,	100,	'text',	'1 polo 50 soles en yape',	'2026-01-24 18:42:21.825783-05'),
(283,	100,	'text',	'1 polo 50 soles en yape',	'2026-01-24 18:42:48.309287-05'),
(284,	100,	'text',	'1 polo 50 soles',	'2026-01-24 18:42:59.007598-05'),
(285,	100,	'text',	'1 Short 80 soles',	'2026-01-24 18:43:19.208967-05'),
(286,	100,	'text',	'1 polo 50 soles',	'2026-01-24 18:43:36.820433-05'),
(287,	100,	'text',	'1 pantalón 90 soles',	'2026-01-24 18:44:02.016383-05'),
(289,	101,	'text',	'Pago de Luz 135 soles',	'2026-01-26 18:37:58.607305-05'),
(290,	101,	'text',	'Comida 16 soles',	'2026-01-26 18:38:19.506757-05'),
(291,	101,	'text',	'Pago de Gael 240 soles',	'2026-01-26 18:38:45.304931-05'),
(292,	101,	'text',	'Pago jade 140',	'2026-01-26 18:40:23.77917-05'),
(297,	108,	'text',	'1 polo 75 soles',	'2026-01-27 17:39:42.100719-05'),
(298,	108,	'text',	'1 polo 50 soles',	'2026-01-27 17:40:23.405437-05'),
(299,	108,	'text',	'1 polo 45 soles en yape',	'2026-01-27 17:41:00.751649-05'),
(300,	108,	'text',	'1 polo 50 soles',	'2026-01-27 17:41:22.108826-05'),
(301,	108,	'text',	'1 polo m. Corta 30 soles',	'2026-01-27 17:42:00.544357-05'),
(302,	108,	'text',	'1 polo manga corta 30 soles',	'2026-01-27 17:42:27.44783-05'),
(303,	108,	'text',	'1 Short 60 soles',	'2026-01-27 17:42:46.504222-05'),
(306,	109,	'text',	'Comida 16 soles',	'2026-01-27 19:59:55.573434-05'),
(309,	111,	'text',	'Lavandería 50 soles',	'2026-01-27 20:37:56.937621-05'),
(316,	118,	'text',	'Comida 18 soles',	'2026-01-28 20:17:08.023322-05'),
(317,	123,	'image',	NULL,	'2026-01-29 13:52:27.100764-05'),
(318,	123,	'text',	'Yape Lucía 240',	'2026-01-29 13:53:39.733273-05'),
(319,	124,	'text',	'250 en yape pago por felix',	'2026-01-29 13:55:24.755697-05'),
(326,	125,	'text',	'1 Short 60 soles',	'2026-01-29 20:16:32.14907-05'),
(327,	125,	'text',	'1 polo 45 soles',	'2026-01-29 20:16:51.38954-05'),
(328,	125,	'text',	'1 polo 45 soles',	'2026-01-29 20:17:13.185678-05'),
(329,	125,	'text',	'1 polo 38 soles en yape',	'2026-01-29 20:19:24.952862-05'),
(334,	128,	'image',	NULL,	'2026-01-30 14:09:02.202954-05'),
(346,	129,	'text',	'1 polo 38 soles',	'2026-01-30 19:45:16.748954-05'),
(347,	129,	'text',	'1 polo 45 soles',	'2026-01-30 19:45:24.230578-05'),
(350,	131,	'text',	'1 pantalón 90 soles',	'2026-01-31 17:45:58.845569-05'),
(351,	131,	'text',	'1 polo 45 soles en yape',	'2026-01-31 17:47:36.199226-05'),
(352,	131,	'text',	'1 short 65 soles',	'2026-01-31 17:47:54.90873-05'),
(353,	131,	'text',	'1 pantalón 115 soles',	'2026-01-31 17:48:24.67462-05'),
(354,	131,	'text',	'1 polo 45 soles',	'2026-01-31 17:50:08.744064-05'),
(355,	131,	'text',	'1 polo 90 soles',	'2026-01-31 17:50:35.118569-05'),
(144,	36,	'text',	'Exportar_ registros all',	'2026-01-14 16:10:43.830583-05'),
(145,	36,	'text',	'1 polo 45 en yape',	'2026-01-14 16:11:09.701778-05'),
(148,	36,	'text',	'1 polo 45 en yape',	'2026-01-14 16:12:08.770986-05'),
(149,	36,	'text',	'1 polo 50 en yape',	'2026-01-14 16:12:31.489653-05'),
(150,	36,	'text',	'1 polo manga cero 25 en yape',	'2026-01-14 16:13:06.227462-05'),
(151,	36,	'text',	'1 polo manga cero 30 en yape',	'2026-01-14 16:13:47.85256-05'),
(152,	36,	'text',	'1 Short 65 en yape',	'2026-01-14 16:14:11.734876-05'),
(153,	36,	'text',	'3 menú 27',	'2026-01-14 16:15:34.232789-05'),
(159,	48,	'text',	'1 polo 50',	'2026-01-14 20:37:06.510018-05'),
(161,	50,	'audio',	'tres menús de nueve soles, un incienso de dos soles y un postre tres cincuenta.
',	'2026-01-14 20:40:35.376027-05'),
(178,	72,	'image',	NULL,	'2026-01-15 05:01:20.474035-05'),
(180,	75,	'text',	'1 polo 50 soles',	'2026-01-15 18:42:42.803132-05'),
(181,	75,	'text',	'1 conjunto 90 soles en yape',	'2026-01-15 18:43:14.242466-05'),
(182,	75,	'text',	'1 polo 50 soles',	'2026-01-15 18:43:32.651771-05'),
(183,	75,	'text',	'1 polo 45 soles en yape',	'2026-01-15 18:43:53.852528-05'),
(184,	75,	'text',	'1 pantalón 90 soles',	'2026-01-15 18:44:23.135713-05'),
(185,	75,	'text',	'1 polo 50 soles',	'2026-01-15 18:44:46.197472-05'),
(190,	77,	'audio',	'Pantalón baggy, ochenta soles, en Yape.
',	'2026-01-16 10:00:33.704827-05'),
(192,	79,	'text',	'1 polo 50 soles',	'2026-01-16 17:31:25.077384-05'),
(193,	79,	'text',	'1 polo 45 soles',	'2026-01-16 17:31:45.805949-05'),
(194,	79,	'text',	'1 polo 50 soles en yape',	'2026-01-16 17:32:15.448172-05'),
(195,	79,	'text',	'1 polo manga C 40 soles en yape',	'2026-01-16 17:33:37.779278-05'),
(196,	79,	'text',	'1 polo 48 soles en yape',	'2026-01-16 17:34:04.782775-05'),
(206,	79,	'text',	'1 polera 80 soles en yape',	'2026-01-16 18:17:21.515453-05'),
(207,	79,	'text',	'1 polo 45 soles',	'2026-01-16 18:17:39.466316-05'),
(208,	79,	'text',	'1 polo 45 soles',	'2026-01-16 18:17:48.993165-05'),
(209,	79,	'text',	'1 Short 70 soles',	'2026-01-16 18:18:00.342007-05'),
(210,	79,	'text',	'1 Short 65 soles',	'2026-01-16 18:18:15.864809-05'),
(216,	79,	'text',	'1 polo 90 soles',	'2026-01-16 20:14:43.885123-05'),
(217,	79,	'text',	'1 pantalón 85 soles',	'2026-01-16 20:18:37.343959-05'),
(228,	84,	'text',	'1 polo 45 soles',	'2026-01-17 20:25:03.360211-05'),
(229,	84,	'text',	'1 Short 65 soles en yape',	'2026-01-17 20:25:26.406617-05'),
(230,	84,	'text',	'1 polo 38 soles en yape',	'2026-01-17 20:25:47.660472-05'),
(231,	84,	'text',	'1 Short 65 soles',	'2026-01-17 20:26:03.960896-05'),
(232,	84,	'text',	'1 polo 50 soles',	'2026-01-17 20:26:20.998835-05'),
(233,	84,	'text',	'1 Short 60 soles',	'2026-01-17 20:26:48.035494-05'),
(234,	84,	'text',	'1 casaca 110 soles',	'2026-01-17 20:27:16.159907-05'),
(235,	84,	'text',	'2 poleras 75 soles cada uno',	'2026-01-17 20:28:15.794823-05'),
(236,	84,	'text',	'1 pantalón 75 soles',	'2026-01-17 20:28:48.682386-05'),
(249,	88,	'text',	'4 menú de 8 soles cada uno',	'2026-01-19 20:29:24.208622-05'),
(255,	94,	'text',	'1 polo 50 soles',	'2026-01-21 19:37:36.704106-05'),
(256,	94,	'text',	'1 polo 50 soles',	'2026-01-21 19:37:53.410207-05'),
(257,	94,	'text',	'1 polo 50 soles',	'2026-01-21 19:38:08.647629-05'),
(258,	94,	'text',	'1 polo 45 soles',	'2026-01-21 19:38:29.014984-05'),
(261,	96,	'text',	'1 conjunto 95 soles en yape',	'2026-01-22 17:44:16.301105-05'),
(262,	96,	'text',	'1 polo 50 soles en yape',	'2026-01-22 17:44:46.72896-05'),
(263,	96,	'text',	'1 casaca 115 soles',	'2026-01-22 17:45:26.606008-05'),
(264,	96,	'text',	'1 polo 38 soles en yape',	'2026-01-22 17:45:55.196623-05'),
(265,	96,	'text',	'1 polo 50 soles',	'2026-01-22 17:46:16.307813-05'),
(266,	96,	'text',	'Adelanto de 1 conjunto 50 soles',	'2026-01-22 17:46:51.213426-05'),
(267,	96,	'text',	'Adelanto de un polo 40 soles',	'2026-01-22 17:47:22.773235-05'),
(272,	97,	'text',	'2 menú de 8 soles cada uno',	'2026-01-22 20:20:41.135568-05'),
(278,	99,	'text',	'2 menú de 8 soles cada uno',	'2026-01-23 21:03:39.723962-05'),
(279,	99,	'text',	'Incienso 4 soles',	'2026-01-23 21:04:18.21204-05'),
(288,	100,	'text',	'Pago de Luz 135 soles',	'2026-01-26 18:17:43.818214-05'),
(293,	102,	'text',	'1 Short 65 soles',	'2026-01-26 18:47:59.716222-05'),
(294,	102,	'text',	'Recojo de 1 polo 50 soles en yape',	'2026-01-26 18:48:34.225925-05'),
(295,	103,	'text',	'Comída 24 soles',	'2026-01-26 18:49:40.324058-05'),
(296,	103,	'text',	'1 Poet 3.50 soles en yape',	'2026-01-26 18:51:07.707926-05'),
(304,	108,	'text',	'1 polo 45 soles',	'2026-01-27 19:33:56.97152-05'),
(305,	108,	'text',	'1 polo 50 soles',	'2026-01-27 19:34:12.481823-05'),
(307,	109,	'text',	'Envío a Tío Luis 28 soles en yape',	'2026-01-27 20:00:17.744371-05'),
(308,	109,	'text',	'Aromatizante 10 soles',	'2026-01-27 20:00:38.387348-05'),
(310,	117,	'text',	'1 polo 55 soles',	'2026-01-28 19:15:47.662992-05'),
(311,	117,	'text',	'1 polo 50 soles',	'2026-01-28 19:16:10.709951-05'),
(312,	117,	'text',	'1 Short 50 soles',	'2026-01-28 19:16:39.807675-05'),
(313,	117,	'text',	'1 polo 50 soles',	'2026-01-28 19:16:56.706764-05'),
(314,	117,	'text',	'1 camisa 85 soles en yape',	'2026-01-28 19:17:17.456068-05'),
(315,	117,	'text',	'1 polo malla 25 soles',	'2026-01-28 19:18:05.81342-05'),
(320,	125,	'text',	'1 polo 50 soles',	'2026-01-29 19:28:39.017964-05'),
(321,	125,	'text',	'1 polera 80 soles',	'2026-01-29 19:29:02.705246-05'),
(322,	125,	'text',	'Recojo de 1 short 40 soles',	'2026-01-29 19:29:39.051673-05'),
(323,	125,	'text',	'1 polo 90 soles en yape',	'2026-01-29 19:30:14.209061-05'),
(324,	125,	'text',	'1 Short 65 soles',	'2026-01-29 19:30:28.759586-05'),
(325,	125,	'text',	'1 polo 38 soles',	'2026-01-29 19:30:49.533449-05'),
(330,	126,	'text',	'Comida 18 soles',	'2026-01-29 20:26:10.760168-05'),
(331,	126,	'text',	'Incienso 4 soles',	'2026-01-29 20:26:26.378866-05'),
(332,	126,	'text',	'Envío a Tío para compra 46 soles en yape',	'2026-01-29 20:27:11.868656-05'),
(333,	126,	'text',	'Envío a Tío para compra 30 soles en yape',	'2026-01-29 20:27:42.339003-05'),
(335,	129,	'text',	'1 polo 50 soles',	'2026-01-30 18:46:08.234647-05'),
(336,	129,	'text',	'1 polo 50 soles',	'2026-01-30 18:46:22.136869-05'),
(337,	129,	'text',	'1 polo 50 soles en yape',	'2026-01-30 18:46:40.8512-05'),
(338,	129,	'text',	'1 polo 45 soles',	'2026-01-30 18:46:53.940313-05'),
(339,	129,	'text',	'1 polo 50 soles',	'2026-01-30 18:47:06.031502-05'),
(340,	129,	'text',	'1 polo 45 soles',	'2026-01-30 18:47:19.854273-05'),
(341,	129,	'text',	'1 polo 90 soles',	'2026-01-30 18:47:41.696344-05'),
(342,	129,	'text',	'1 polo 95 soles',	'2026-01-30 18:48:01.315916-05'),
(343,	129,	'text',	'1 polo 50 soles',	'2026-01-30 18:48:22.398715-05'),
(344,	129,	'text',	'1 polo 45 soles',	'2026-01-30 18:48:39.216778-05'),
(345,	129,	'text',	'1 Short 65 soles',	'2026-01-30 18:48:57.639187-05'),
(348,	130,	'text',	'Comida 18 soles',	'2026-01-30 21:29:48.309293-05'),
(349,	130,	'text',	'Pasaje recojo 2 bultos 5 soles',	'2026-01-30 21:30:21.851527-05'),
(356,	131,	'text',	'1 polo 38 soles',	'2026-01-31 17:50:52.482024-05'),
(357,	131,	'text',	'1 short 60 soles',	'2026-01-31 17:51:13.899497-05'),
(358,	131,	'text',	'1 short 65 soles',	'2026-01-31 17:51:27.472283-05'),
(359,	131,	'text',	'1 conjunto 130 soles en yape',	'2026-01-31 17:51:56.699155-05'),
(360,	131,	'text',	'1 polo 45 soles en yape',	'2026-01-31 18:57:31.595986-05'),
(361,	131,	'text',	'1 short 80 soles en yape',	'2026-01-31 18:57:52.857896-05'),
(362,	131,	'text',	'1 camisa 75 soles en yape',	'2026-01-31 18:58:13.68389-05'),
(363,	131,	'text',	'1 polo 45 soles en yape',	'2026-01-31 19:44:09.786602-05'),
(364,	131,	'text',	'1 polo 45 soles en yape',	'2026-01-31 19:44:28.960805-05'),
(365,	131,	'text',	'1 short 50 soles en yape',	'2026-01-31 20:24:12.363219-05'),
(366,	131,	'text',	'1 casaca 85 soles en yape',	'2026-01-31 20:24:41.897846-05'),
(367,	131,	'text',	'1 pantalón 80 soles',	'2026-01-31 20:24:53.960417-05'),
(368,	131,	'text',	'1 polo 90 soles',	'2026-01-31 20:48:53.364844-05'),
(369,	131,	'text',	'1 short 65 soles',	'2026-01-31 20:49:01.294253-05'),
(370,	131,	'text',	'1 polo m.c. 25 soles',	'2026-01-31 20:49:14.707607-05'),
(371,	131,	'text',	'1 short 65 soles en yape',	'2026-01-31 21:15:20.987125-05'),
(372,	132,	'text',	'Comida 18 soles',	'2026-01-31 21:32:52.711267-05'),
(373,	132,	'text',	'Pago su línea de Tío 34.90 en yape',	'2026-01-31 21:33:25.297327-05'),
(374,	132,	'text',	'Félix pasaje 3 soles',	'2026-01-31 21:33:59.865132-05'),
(375,	132,	'text',	'Pago a Gael 240 soles',	'2026-01-31 21:34:33.789671-05'),
(376,	136,	'text',	'Pago Jade 181 soles',	'2026-01-31 22:00:20.378378-05'),
(377,	153,	'text',	'1 polo 50 soles',	'2026-02-02 18:38:36.298094-05'),
(378,	153,	'text',	'1 pantalón 85 soles en yape',	'2026-02-02 18:39:29.257575-05'),
(379,	153,	'text',	'1 polo 55 soles',	'2026-02-02 18:39:48.17954-05'),
(380,	153,	'text',	'1 conjunto 90 soles en yape',	'2026-02-02 18:40:47.603238-05'),
(381,	153,	'text',	'1 polo 75 soles',	'2026-02-02 18:41:05.522681-05'),
(382,	153,	'text',	'1 polo 85 soles',	'2026-02-02 18:41:19.039147-05'),
(383,	153,	'text',	'1 conjunto 90 soles',	'2026-02-02 18:41:35.178462-05'),
(384,	153,	'text',	'1 polo 50 soles',	'2026-02-02 18:42:15.525765-05'),
(385,	153,	'text',	'1 polo 55 soles en yape',	'2026-02-02 18:43:09.857143-05'),
(386,	153,	'text',	'1 polo manga cero 30 soles en yape',	'2026-02-02 18:43:29.949915-05'),
(387,	153,	'text',	'1 short 65 soles en yape',	'2026-02-02 18:43:49.93923-05'),
(388,	154,	'text',	'Comida 18 soles',	'2026-02-02 20:24:28.797452-05'),
(389,	154,	'text',	'Envío a Tío Luis 28 soles en yape',	'2026-02-02 20:25:01.713568-05'),
(390,	154,	'text',	'Pago de Internet 60 Soles',	'2026-02-02 20:25:24.488433-05'),
(391,	155,	'text',	'1 conjunto 90 soles',	'2026-02-03 18:27:06.395001-05'),
(392,	155,	'text',	'1 polo 45 soles en yape',	'2026-02-03 18:27:34.509867-05'),
(393,	155,	'text',	'1 polo 50 soles en yape',	'2026-02-03 18:27:53.674512-05'),
(394,	155,	'text',	'1 short 35 soles en yape',	'2026-02-03 18:28:19.485871-05'),
(395,	155,	'text',	'1 casaca 95 soles',	'2026-02-03 18:28:40.889118-05'),
(396,	155,	'text',	'1 short 65 soles',	'2026-02-03 18:28:51.1758-05'),
(397,	155,	'text',	'1 polo 45 soles en yape',	'2026-02-03 18:29:01.651023-05'),
(398,	155,	'text',	'1 short 35 soles en yape',	'2026-02-03 18:29:17.788161-05'),
(399,	155,	'text',	'1 pantalón 75 soles en yape',	'2026-02-03 18:29:35.239211-05'),
(400,	155,	'text',	'1 polo 45 soles en yape',	'2026-02-03 18:29:55.449377-05'),
(401,	155,	'text',	'1 polo 75 soles',	'2026-02-03 18:30:14.862496-05'),
(402,	155,	'text',	'1 polo 95 soles',	'2026-02-03 18:30:33.793428-05'),
(403,	155,	'text',	'1 polo 45 soles en yape',	'2026-02-03 18:30:51.554996-05'),
(404,	155,	'text',	'1 polo 50 soles',	'2026-02-03 18:31:07.826639-05'),
(405,	156,	'text',	'Comida 20 soles',	'2026-02-03 20:43:17.194091-05'),
(406,	157,	'text',	'1 polo 50 soles',	'2026-02-04 20:02:21.460243-05'),
(407,	157,	'text',	'1 short 65 soles',	'2026-02-04 20:02:30.72191-05'),
(408,	157,	'text',	'1 polo 90 soles en yape',	'2026-02-04 20:03:02.845057-05'),
(409,	157,	'text',	'1 polo m.c 30 soles',	'2026-02-04 20:03:23.140008-05'),
(410,	157,	'text',	'1 polo m.c 35 soles en yape',	'2026-02-04 20:04:01.957181-05'),
(411,	157,	'text',	'1 polo 38 soles',	'2026-02-04 20:04:15.09216-05'),
(412,	158,	'text',	'Comida 18 soles',	'2026-02-04 21:23:12.99601-05'),
(413,	158,	'text',	'Incienso 4 soles',	'2026-02-04 21:23:29.852688-05'),
(414,	161,	'text',	'1 polo 45 soles',	'2026-02-05 18:16:23.817517-05'),
(415,	161,	'text',	'1 polo 45 soles',	'2026-02-05 18:16:45.534563-05'),
(416,	161,	'text',	'1 conjunto 90 soles',	'2026-02-05 18:17:00.10947-05'),
(417,	161,	'text',	'1 pantalón 85 soles en yape',	'2026-02-05 18:17:30.156531-05'),
(418,	161,	'text',	'1 short 65 soles',	'2026-02-05 18:17:40.267138-05'),
(419,	161,	'text',	'1 polo 45 soles',	'2026-02-05 18:18:08.012022-05'),
(420,	161,	'text',	'1 polo m.c 35 soles',	'2026-02-05 18:18:24.602927-05'),
(421,	161,	'text',	'1 polo 50 soles',	'2026-02-05 18:18:47.568853-05'),
(422,	161,	'text',	'1 polo 40 soles',	'2026-02-05 18:19:05.781758-05'),
(423,	161,	'text',	'1 polera 80 soles',	'2026-02-05 19:03:40.929578-05'),
(424,	161,	'text',	'1 polera 80 soles',	'2026-02-05 19:03:54.859987-05'),
(425,	161,	'text',	'1 casaca 85 soles',	'2026-02-05 19:06:54.487183-05'),
(426,	161,	'text',	'1 casaca 85 soles',	'2026-02-05 19:07:11.203122-05'),
(427,	161,	'text',	'1 polo 50 soles en yape',	'2026-02-05 19:59:28.478732-05'),
(428,	162,	'text',	'Comida 18 soles',	'2026-02-05 20:24:58.258007-05'),
(429,	164,	'text',	'1 short 60 soles en yape',	'2026-02-06 17:35:05.633334-05'),
(430,	164,	'text',	'1 polo manga corta 30 soles en yape',	'2026-02-06 17:35:30.755963-05'),
(431,	164,	'text',	'1 polo 90 soles en yape',	'2026-02-06 17:35:51.267512-05'),
(432,	164,	'text',	'1 polo 55 soles',	'2026-02-06 17:36:14.99153-05'),
(433,	164,	'text',	'1 short 80 soles',	'2026-02-06 17:36:48.888819-05'),
(434,	164,	'text',	'1 short 60 soles',	'2026-02-06 17:37:14.750651-05'),
(435,	164,	'text',	'1 polo manga corta 30 soles',	'2026-02-06 17:37:35.100576-05'),
(436,	164,	'text',	'1 polo 45 soles',	'2026-02-06 17:37:46.481012-05'),
(437,	164,	'text',	'1 polo 38 soles',	'2026-02-06 17:37:58.668224-05'),
(438,	164,	'text',	'1 short 70 soles',	'2026-02-06 17:38:11.277054-05'),
(439,	164,	'text',	'1 polo 50 soles',	'2026-02-06 17:39:20.434318-05'),
(440,	164,	'text',	'1 casaca 98 soles',	'2026-02-06 17:39:36.2543-05'),
(441,	164,	'text',	'1 short 38 soles',	'2026-02-06 17:46:12.599869-05'),
(442,	164,	'text',	'1 polo 55 soles en yape',	'2026-02-06 17:46:46.583448-05'),
(443,	164,	'text',	'1 polo 50 soles',	'2026-02-06 17:46:55.854872-05'),
(444,	164,	'text',	'1 polo 55 soles en yape',	'2026-02-06 18:15:00.683356-05'),
(445,	164,	'text',	'1 polo manga larga 70 soles en yape',	'2026-02-06 18:15:21.872547-05'),
(446,	164,	'text',	'1 short 60 en yape',	'2026-02-06 18:15:40.737249-05'),
(447,	164,	'text',	'1 polo 50 soles',	'2026-02-06 18:37:56.753625-05'),
(448,	164,	'text',	'1 polo 38 soles',	'2026-02-06 18:38:08.47845-05'),
(449,	164,	'text',	'Adelanto de conjunto 50 soles',	'2026-02-06 18:38:20.896343-05'),
(450,	164,	'text',	'1 polo 90 soles',	'2026-02-06 18:57:24.499243-05'),
(451,	164,	'text',	'1 polo 90 soles en yape',	'2026-02-06 19:51:54.053237-05'),
(452,	164,	'text',	'1 polo 90 soles',	'2026-02-06 19:52:12.497646-05'),
(453,	165,	'text',	'Comida 18 soles',	'2026-02-06 20:16:25.824919-05'),
(454,	166,	'text',	'1 short 70 soles  en yape',	'2026-02-07 18:09:18.099016-05'),
(455,	166,	'text',	'1 polo 45 soles',	'2026-02-07 18:09:42.232567-05'),
(456,	166,	'text',	'1 conjunto 90 soles en yape',	'2026-02-07 18:09:53.025539-05'),
(457,	166,	'text',	'1 polo 50 soles en yape',	'2026-02-07 18:10:00.923468-05'),
(458,	166,	'text',	'1 polo manga larga 125 soles',	'2026-02-07 18:10:22.455349-05'),
(459,	166,	'text',	'1 polo 50 soles en yape',	'2026-02-07 18:10:35.777805-05'),
(460,	166,	'text',	'1 polo 45 soles',	'2026-02-07 18:10:41.269054-05'),
(461,	166,	'text',	'1 short 75 soles en yape',	'2026-02-07 18:11:06.522361-05'),
(462,	166,	'text',	'1 polo 45 soles',	'2026-02-07 18:11:19.601061-05'),
(463,	166,	'text',	'1 polo 50 soles',	'2026-02-07 18:11:48.691597-05'),
(464,	166,	'text',	'1 short 65 soles',	'2026-02-07 18:11:58.487766-05'),
(465,	166,	'text',	'1 camisa 90 soles',	'2026-02-07 18:12:17.293207-05'),
(466,	166,	'text',	'1 casaca 110 soles',	'2026-02-07 18:12:28.171619-05'),
(467,	166,	'text',	'1 short 65 soles',	'2026-02-07 18:12:39.974042-05'),
(468,	166,	'text',	'1 polo 45 soles',	'2026-02-07 18:39:15.482112-05'),
(469,	166,	'text',	'1 pantalón 85 soles',	'2026-02-07 18:39:29.507177-05'),
(470,	166,	'text',	'Camisa 75 soles',	'2026-02-07 19:09:09.919985-05'),
(471,	166,	'text',	'1 polo 85 soles',	'2026-02-07 19:09:20.118709-05'),
(472,	166,	'text',	'1 pantalón 90 soles',	'2026-02-07 19:09:43.639782-05'),
(473,	166,	'text',	'1 polo 45 soles',	'2026-02-07 19:09:52.310887-05'),
(474,	166,	'text',	'1 polo 50 soles',	'2026-02-07 20:46:22.403444-05'),
(475,	166,	'text',	'1 polo 50 soles',	'2026-02-07 20:46:31.066614-05'),
(476,	167,	'text',	'19 soles en yape a Tío Luis',	'2026-02-07 21:21:01.619566-05'),
(477,	167,	'text',	'6 soles comisión de yapeo',	'2026-02-07 21:21:31.986692-05'),
(478,	167,	'text',	'Pasaje recojo bulto 5 soles',	'2026-02-07 21:23:55.155824-05'),
(479,	167,	'text',	'Pago Tarapoto currier 45 soles',	'2026-02-07 21:24:14.77413-05'),
(480,	167,	'text',	'Comida 18 soles',	'2026-02-07 21:24:23.066243-05'),
(481,	167,	'text',	'Incienso 10 soles',	'2026-02-07 21:24:34.861274-05'),
(482,	167,	'text',	'Envío tío Luis 5 soles en yape',	'2026-02-07 21:24:54.860337-05'),
(483,	167,	'text',	'Envío a Tío Luis 15 soles en yape',	'2026-02-07 21:25:14.340387-05'),
(484,	167,	'text',	'Envío a Tío Luis 5 soles en yape',	'2026-02-07 21:25:32.102124-05'),
(485,	167,	'text',	'Pago de Gael 190 soles',	'2026-02-07 21:25:54.089786-05'),
(486,	168,	'text',	'Pago Jade 190 soles',	'2026-02-07 21:43:02.875261-05'),
(487,	169,	'image',	NULL,	'2026-02-09 19:17:56.050055-05'),
(488,	173,	'text',	'1 casaca 110 soles',	'2026-02-09 20:18:22.448802-05'),
(489,	173,	'text',	'1 polo 55 soles',	'2026-02-09 20:18:44.349819-05'),
(490,	173,	'text',	'1 short 65 soles',	'2026-02-09 20:18:57.640819-05'),
(491,	173,	'text',	'1 polo 45 soles',	'2026-02-09 20:19:06.614461-05'),
(492,	173,	'text',	'1 polo 60 soles en yape',	'2026-02-09 20:19:29.74416-05'),
(493,	173,	'text',	'1 polo 50 soles en yape',	'2026-02-09 20:19:40.98909-05'),
(494,	173,	'text',	'1 polo 50 soles en yape',	'2026-02-09 20:19:50.244711-05'),
(495,	173,	'text',	'1 short 65 soles',	'2026-02-09 20:20:08.957032-05'),
(496,	173,	'text',	'1 polo 50 soles en yape',	'2026-02-09 20:20:18.864154-05'),
(497,	173,	'text',	'1 polo 50 soles en yape',	'2026-02-09 20:20:28.662576-05'),
(498,	173,	'text',	'1 polo 45 soles',	'2026-02-09 20:20:39.305789-05'),
(499,	173,	'text',	'1 polo 50 soles',	'2026-02-09 20:21:09.802919-05'),
(500,	173,	'text',	'1 polo 50 soles en yape',	'2026-02-09 20:21:31.193602-05'),
(501,	173,	'text',	'1 short 65 soles en yape',	'2026-02-09 20:21:45.432864-05'),
(502,	173,	'text',	'1 polo 50 soles en yape',	'2026-02-09 20:21:54.345096-05'),
(503,	173,	'text',	'1 polo 45 soles',	'2026-02-09 20:22:36.544278-05'),
(504,	173,	'text',	'1 polo 45 soles',	'2026-02-09 20:22:45.810686-05'),
(505,	173,	'text',	'1 polo 50 soles',	'2026-02-09 20:22:59.149721-05'),
(506,	173,	'text',	'1 polo 38 soles en yape',	'2026-02-09 20:23:12.742866-05'),
(507,	174,	'text',	'Comida 18 soles',	'2026-02-09 20:24:02.313722-05'),
(508,	174,	'text',	'Pago local 220 soles en yape',	'2026-02-09 20:24:30.837702-05'),
(509,	174,	'text',	'Pago local 310 soles',	'2026-02-09 20:24:50.622866-05'),
(510,	181,	'audio',	'un polo de ochenta y cinco soles.
',	'2026-02-10 17:58:21.966956-05'),
(511,	181,	'audio',	'Un polo de cuarenta y ocho soles.
',	'2026-02-10 17:58:43.410027-05'),
(512,	181,	'audio',	'un polo de sesenta soles.
',	'2026-02-10 17:58:59.792384-05'),
(513,	181,	'audio',	'Bolo manga cero de treinta soles.
',	'2026-02-10 17:59:17.715675-05'),
(514,	181,	'audio',	'Un polo cuarenta y cinco soles.
',	'2026-02-10 17:59:59.221797-05'),
(515,	181,	'audio',	'un polo cuarenta y cinco soles en Iape.
',	'2026-02-10 18:00:18.885558-05'),
(516,	181,	'audio',	'un polo cincuenta soles.
',	'2026-02-10 18:00:37.76292-05'),
(517,	181,	'audio',	'Un bolo cuarenta y cinco soles.
',	'2026-02-10 18:00:54.329749-05'),
(518,	181,	'audio',	'Un polo cuarenta y cinco soles.
',	'2026-02-10 18:01:15.844839-05'),
(519,	181,	'audio',	'un polo ochenta y cinco soles.
',	'2026-02-10 18:01:28.659805-05'),
(520,	181,	'audio',	'Volo cincuenta soles.
',	'2026-02-10 18:01:46.179546-05'),
(521,	181,	'audio',	'un short de treinta y nueve soles.
',	'2026-02-10 18:02:00.243507-05'),
(522,	181,	'audio',	'un polo de treinta y ocho soles.
',	'2026-02-10 18:02:18.882633-05'),
(523,	181,	'audio',	'un polo de cincuenta soles.
',	'2026-02-10 18:02:50.759046-05'),
(524,	181,	'audio',	'un polo treinta y ocho soles.
',	'2026-02-10 18:52:10.550215-05'),
(525,	181,	'audio',	'un polo cuarenta soles.
',	'2026-02-10 18:52:25.709093-05'),
(526,	181,	'audio',	'unchor ochenta y cinco soles.
',	'2026-02-10 18:52:46.965319-05'),
(527,	182,	'text',	'Comida 18 soles',	'2026-02-10 20:09:59.589654-05'),
(528,	182,	'text',	'Envío ropa de tio 63 soles',	'2026-02-10 20:10:32.495104-05'),
(529,	182,	'text',	'Menú Félix 11 soles',	'2026-02-10 20:10:50.6679-05'),
(530,	182,	'text',	'Pasaje agencia 5 soles',	'2026-02-10 20:11:05.184692-05'),
(531,	182,	'text',	'Envío a Tío 5 soles en yape',	'2026-02-10 20:11:36.21038-05'),
(532,	183,	'text',	'1 conjunto 90 soles',	'2026-02-11 18:30:10.61468-05'),
(533,	183,	'text',	'1 short 80 soles en yape',	'2026-02-11 18:30:37.104467-05'),
(534,	183,	'text',	'1 polo 50 soles en yape',	'2026-02-11 18:30:50.220134-05'),
(535,	183,	'text',	'1 polo 50 soles en yape',	'2026-02-11 18:30:59.432166-05'),
(536,	183,	'text',	'1 polo 75 soles en yape',	'2026-02-11 18:31:09.52001-05'),
(537,	183,	'text',	'1 camisa 90 soles en yape',	'2026-02-11 18:31:20.561667-05'),
(538,	183,	'text',	'1 polo 45 soles',	'2026-02-11 18:31:31.847144-05'),
(539,	183,	'text',	'1 conjunto 85 soles en yape',	'2026-02-11 18:31:45.941797-05'),
(540,	184,	'text',	'Comida 18 soles',	'2026-02-11 20:21:33.521311-05'),
(541,	185,	'audio',	'un pantalón ochenta y cinco soles.
',	'2026-02-12 19:55:33.567128-05'),
(542,	185,	'audio',	'un polo manga corta veinticinco soles en Yape.
',	'2026-02-12 19:55:52.751532-05'),
(543,	185,	'audio',	'un pantalón de sesenta soles.
',	'2026-02-12 19:56:30.304056-05'),
(544,	185,	'audio',	'un polo de noventa soles.
',	'2026-02-12 19:57:17.69558-05'),
(545,	185,	'audio',	'Un short de sesenta soles.
',	'2026-02-12 19:57:28.981476-05'),
(546,	185,	'audio',	'Un sobre sesenta y cinco soles.
',	'2026-02-12 19:57:43.93319-05'),
(547,	185,	'audio',	'un bolo de cincuenta soles en Yape.
',	'2026-02-12 19:57:51.110153-05'),
(548,	185,	'audio',	'120
',	'2026-02-12 19:58:14.168305-05'),
(549,	185,	'text',	'1 polo manga corta 30 soles en yape',	'2026-02-12 20:00:02.510432-05'),
(550,	185,	'text',	'1 polo 50 soles en yape',	'2026-02-12 20:00:45.378488-05'),
(551,	185,	'text',	'1 casaca 110 Soles',	'2026-02-12 20:01:06.519248-05'),
(552,	185,	'text',	'1 short 38 soles',	'2026-02-12 20:01:21.267286-05'),
(553,	185,	'text',	'1 polo 90 soles',	'2026-02-12 20:01:30.214221-05'),
(554,	185,	'text',	'1 polo 50 soles',	'2026-02-12 20:01:37.330877-05'),
(555,	185,	'text',	'1 short 85 soles',	'2026-02-12 20:01:45.156325-05'),
(556,	185,	'text',	'1 polo 45 soles',	'2026-02-12 20:01:52.541633-05'),
(557,	186,	'text',	'Comida 18 soles',	'2026-02-12 20:14:35.566781-05'),
(558,	186,	'text',	'Lejía 2 Soles',	'2026-02-12 20:15:33.820837-05'),
(559,	186,	'text',	'Ace 1 sol',	'2026-02-12 20:15:49.319147-05'),
(560,	187,	'text',	'1 conjunto 90 soles',	'2026-02-13 17:38:15.560574-05'),
(561,	187,	'text',	'1 conjunto 90 soles',	'2026-02-13 17:38:41.724253-05'),
(562,	187,	'text',	'1 polo 45 soles',	'2026-02-13 17:38:47.834217-05'),
(563,	187,	'text',	'1 polo 45 soles',	'2026-02-13 17:38:53.34504-05'),
(564,	187,	'text',	'1 polo 65 soles',	'2026-02-13 17:39:00.305773-05'),
(565,	187,	'text',	'1 polo manga corta 30',	'2026-02-13 17:39:08.094886-05'),
(566,	187,	'text',	'1 polo manga corta 30 soles',	'2026-02-13 17:39:15.938851-05'),
(567,	187,	'text',	'1 polo 55 soles',	'2026-02-13 17:39:24.845984-05'),
(568,	187,	'text',	'1 polo 50 soles',	'2026-02-13 17:39:30.104894-05'),
(569,	187,	'text',	'1 short 65 soles',	'2026-02-13 17:39:40.981614-05'),
(570,	187,	'text',	'1 polo 45 soles',	'2026-02-13 17:39:51.681537-05'),
(571,	187,	'text',	'1 polo manga corta 30 soles',	'2026-02-13 17:39:59.783378-05'),
(572,	187,	'text',	'1 pantalón 105 soles',	'2026-02-13 19:01:40.21012-05'),
(573,	187,	'text',	'1 short 65 soles',	'2026-02-13 19:01:51.929333-05'),
(574,	187,	'text',	'1 polo 95 soles en yape',	'2026-02-13 19:02:06.979513-05'),
(575,	187,	'text',	'1 camisa 90 soles en yape',	'2026-02-13 19:56:46.600077-05'),
(576,	187,	'text',	'1 polo 60 soles',	'2026-02-13 19:57:00.043334-05'),
(577,	187,	'text',	'1 polo 50 soles',	'2026-02-13 19:57:12.117294-05'),
(578,	188,	'text',	'Comida 18 soles',	'2026-02-13 20:07:43.781597-05'),
(579,	189,	'text',	'1 camisa 90 soles',	'2026-02-14 18:37:42.678221-05'),
(580,	189,	'text',	'1 camisa manga larga 125 soles',	'2026-02-14 18:38:02.507352-05'),
(581,	189,	'text',	'1 camisa 75 soles en yape',	'2026-02-14 18:38:27.019747-05'),
(582,	189,	'text',	'2 polo de 25 soles',	'2026-02-14 18:39:01.686694-05'),
(583,	189,	'text',	'1 polo 40 soles',	'2026-02-14 18:39:34.28543-05'),
(584,	189,	'text',	'1 polo 45 soles',	'2026-02-14 18:39:44.069303-05'),
(585,	189,	'text',	'1 polo 50 soles',	'2026-02-14 18:39:53.55695-05'),
(586,	189,	'text',	'1 polo 45 soles',	'2026-02-14 18:40:00.651441-05'),
(587,	189,	'text',	'Short 65 soles en yape',	'2026-02-14 18:40:16.050631-05'),
(588,	189,	'text',	'1 polo 90 soles',	'2026-02-14 18:40:41.854436-05'),
(589,	189,	'text',	'1 polo 90 soles en yape',	'2026-02-14 18:40:54.881155-05'),
(590,	189,	'text',	'1 polo 45 soles en yape',	'2026-02-14 18:41:07.166277-05'),
(591,	189,	'text',	'1 short 70 soles',	'2026-02-14 18:41:24.266877-05'),
(592,	189,	'text',	'1 polo malla 25 soles',	'2026-02-14 18:41:45.460707-05'),
(593,	189,	'text',	'1 polo 95 soles en yape',	'2026-02-14 18:42:04.354258-05'),
(594,	189,	'text',	'1 polo 90 soles',	'2026-02-14 18:42:21.927233-05'),
(595,	189,	'text',	'1 short 75 soles',	'2026-02-14 18:42:33.937116-05'),
(596,	189,	'text',	'1 polo 95 soles',	'2026-02-14 18:42:44.60574-05'),
(597,	189,	'text',	'1 polo 50 soles',	'2026-02-14 18:42:51.838743-05'),
(598,	189,	'text',	'1 polo 50 soles en yape',	'2026-02-14 18:43:01.824562-05'),
(599,	189,	'text',	'1 polo manga corta 50 soles',	'2026-02-14 19:45:49.746191-05'),
(600,	189,	'text',	'1 conjunto 95 soles',	'2026-02-14 20:34:12.09599-05'),
(601,	189,	'text',	'1 polo manga corta 30 soles en yape',	'2026-02-14 20:34:27.163129-05'),
(602,	189,	'text',	'1 polo manga corta 30 soles en yape',	'2026-02-14 20:34:39.569158-05'),
(603,	190,	'text',	'Comida 18 soles',	'2026-02-14 21:19:48.036949-05'),
(604,	190,	'text',	'Pago Gael 240 soles',	'2026-02-14 21:20:05.707012-05'),
(605,	190,	'text',	'Pago Jade 155 soles',	'2026-02-14 21:20:41.303161-05'),
(606,	196,	'text',	'1 polo 50 soles',	'2026-02-16 19:23:52.158918-05'),
(607,	196,	'text',	'1 polo 50 soles',	'2026-02-16 19:24:08.686805-05'),
(608,	196,	'text',	'1 polo 90 soles en yape',	'2026-02-16 19:24:20.570201-05'),
(609,	196,	'text',	'1 polo 50 soles en yape',	'2026-02-16 19:24:28.003881-05'),
(610,	196,	'text',	'1 polo 45 soles',	'2026-02-16 19:24:38.614942-05'),
(611,	196,	'text',	'1 pantalón 80 soles',	'2026-02-16 19:30:32.005862-05'),
(612,	196,	'text',	'1 polo 50 soles',	'2026-02-16 19:30:40.910822-05'),
(613,	196,	'text',	'1 casaca 98 soles en yape',	'2026-02-16 19:31:02.106085-05'),
(614,	196,	'text',	'1 short 75 soles en yape',	'2026-02-16 19:31:12.877453-05'),
(615,	196,	'text',	'1 short 35 soles en yape',	'2026-02-16 19:31:25.033967-05'),
(616,	196,	'text',	'1 polo 50 soles en yape',	'2026-02-16 19:31:31.846357-05'),
(617,	196,	'text',	'1 polo 50 soles en yape',	'2026-02-16 19:31:39.857857-05'),
(618,	197,	'text',	'Comida 18 soles',	'2026-02-16 20:19:48.422374-05'),
(619,	198,	'text',	'1 polo 50 soles',	'2026-02-17 19:18:21.101615-05'),
(620,	198,	'text',	'1 pantalón 80 soles en yape',	'2026-02-17 19:18:40.17869-05'),
(621,	198,	'text',	'1 polo 45 soles en yape',	'2026-02-17 19:19:03.442346-05'),
(622,	198,	'text',	'1 polo 45 soles en yape',	'2026-02-17 19:19:18.390732-05'),
(623,	198,	'text',	'1 short 80 soles en yape',	'2026-02-17 19:19:29.469435-05'),
(624,	198,	'text',	'1 polo 38 soles en yape',	'2026-02-17 19:19:38.255388-05'),
(625,	198,	'text',	'1 short 65 soles',	'2026-02-17 19:19:47.530171-05'),
(626,	198,	'text',	'1 conjunto 180 soles en yape',	'2026-02-17 19:20:03.558884-05'),
(627,	198,	'text',	'1 polo 48 soles',	'2026-02-17 19:20:19.24361-05'),
(628,	198,	'text',	'1 polo 45 soles',	'2026-02-17 19:20:27.462263-05'),
(629,	199,	'text',	'Comida 18 soles en yape',	'2026-02-17 20:40:45.3437-05'),
(630,	199,	'text',	'Incienso 2 soles en yape',	'2026-02-17 20:41:15.664983-05'),
(631,	200,	'text',	'1 polera 80 soles',	'2026-02-18 19:16:38.878126-05'),
(632,	200,	'text',	'1 polo 45 soles en yape',	'2026-02-18 19:17:02.513886-05'),
(633,	200,	'text',	'1 pantalón 85 soles',	'2026-02-18 19:17:24.001158-05'),
(634,	200,	'text',	'1 polo 45 soles',	'2026-02-18 19:17:35.539696-05'),
(635,	200,	'text',	'1 polo 50 soles',	'2026-02-18 19:18:20.199421-05'),
(636,	200,	'text',	'1 short 65 soles',	'2026-02-18 19:18:30.048539-05'),
(637,	200,	'text',	'1 short 65 soles',	'2026-02-18 19:18:39.516771-05'),
(638,	200,	'text',	'1 polo 45 soles',	'2026-02-18 19:18:51.972702-05'),
(639,	200,	'text',	'1 polo 45 soles',	'2026-02-18 19:18:58.571104-05'),
(640,	200,	'text',	'1 polo 45 soles',	'2026-02-18 19:19:06.186157-05'),
(641,	200,	'text',	'1 polo 45 soles',	'2026-02-18 19:57:15.015007-05'),
(642,	200,	'text',	'1 short 80 soles',	'2026-02-18 19:57:23.11628-05'),
(643,	201,	'text',	'Comida 18 soles',	'2026-02-18 20:29:46.88864-05'),
(644,	202,	'text',	'1 polo 45 soles en yape',	'2026-02-19 18:54:41.86763-05'),
(645,	202,	'text',	'1 polo 50 soles',	'2026-02-19 18:54:59.078871-05'),
(646,	202,	'text',	'1 short 85 soles',	'2026-02-19 18:55:15.372493-05'),
(647,	202,	'text',	'1 polo 45 soles en yape',	'2026-02-19 18:55:25.363359-05'),
(648,	202,	'text',	'1 pantalón 85 soles en yape',	'2026-02-19 18:55:34.198445-05'),
(649,	202,	'text',	'1 polo 38 soles',	'2026-02-19 18:55:40.919886-05'),
(650,	203,	'text',	'Comida 18 soles',	'2026-02-19 20:37:18.18732-05'),
(651,	204,	'text',	'1 polo 45 soles',	'2026-02-20 20:05:50.111308-05'),
(652,	204,	'text',	'1 conjunto 90 soles en yape',	'2026-02-20 20:06:16.288061-05'),
(653,	204,	'text',	'1 short 65 soles en yape',	'2026-02-20 20:06:27.095137-05'),
(654,	204,	'text',	'1 polo 50 soles',	'2026-02-20 20:07:23.52348-05'),
(655,	204,	'text',	'1 casaca 110 soles',	'2026-02-20 20:07:38.438257-05'),
(656,	204,	'text',	'1 pantalón 90 soles en yape',	'2026-02-20 20:07:50.979837-05'),
(657,	204,	'text',	'1 polo 85 soles en yape',	'2026-02-20 20:08:00.895792-05'),
(658,	205,	'text',	'Comida 18 soles',	'2026-02-20 20:50:07.281086-05'),
(659,	205,	'text',	'Poet 3.50 soles',	'2026-02-20 20:50:26.529115-05'),
(660,	205,	'text',	'Incienso 2 soles',	'2026-02-20 20:51:44.855831-05'),
(661,	206,	'text',	'1 conjunto 90 soles',	'2026-02-21 17:44:22.152007-05'),
(662,	206,	'text',	'1 polo 50 soles',	'2026-02-21 17:45:55.616966-05'),
(663,	206,	'text',	'1 short 50 soles',	'2026-02-21 17:46:07.678237-05'),
(664,	206,	'text',	'1 polo 45 soles',	'2026-02-21 17:46:15.564537-05'),
(665,	206,	'text',	'1 conjunto 90 soles',	'2026-02-21 17:46:45.700633-05'),
(666,	206,	'text',	'Recojo de 1 conjunto 40 soles',	'2026-02-21 17:47:10.972007-05'),
(667,	206,	'text',	'1 polo 45 soles',	'2026-02-21 17:47:51.380953-05'),
(668,	206,	'text',	'1 conjunto 85 soles',	'2026-02-21 17:48:00.19336-05'),
(669,	206,	'text',	'1 short 60 soles',	'2026-02-21 17:48:08.56581-05'),
(670,	206,	'text',	'1 short 45 soles',	'2026-02-21 17:48:17.15788-05'),
(671,	206,	'text',	'1 polo 45 soles',	'2026-02-21 17:56:25.965006-05'),
(672,	206,	'text',	'1 casaca 95 soles en yape',	'2026-02-21 17:56:39.70415-05'),
(673,	206,	'text',	'1 polo 50 soles',	'2026-02-21 17:56:52.230534-05'),
(674,	206,	'text',	'1 polo 45 soles en yape',	'2026-02-21 17:57:02.849432-05'),
(675,	206,	'text',	'1 pantalón 90 soles en yape',	'2026-02-21 17:57:15.439984-05'),
(676,	206,	'text',	'1 polo 45 soles',	'2026-02-21 19:43:55.567237-05'),
(677,	206,	'text',	'1 polo 50 soles',	'2026-02-21 19:44:06.283948-05'),
(678,	206,	'text',	'1 conjunto 110 soles',	'2026-02-21 19:44:20.309293-05'),
(679,	206,	'text',	'1 polo 50 soles',	'2026-02-21 19:44:26.299267-05'),
(680,	206,	'text',	'1 polo manga corta 30 soles',	'2026-02-21 19:44:39.757333-05'),
(681,	206,	'text',	'1 polo 38 soles en yape',	'2026-02-21 19:56:34.235497-05'),
(682,	206,	'text',	'1 pantalon 90 soles',	'2026-02-21 19:56:49.316273-05'),
(683,	206,	'text',	'1 short 70 soles',	'2026-02-21 20:10:54.87446-05'),
(684,	206,	'text',	'1 conjunto 85 soles',	'2026-02-21 20:32:23.246744-05'),
(685,	207,	'text',	'Comida 18 soles',	'2026-02-23 18:21:21.52577-05'),
(686,	207,	'text',	'Pago Gael 240 soles',	'2026-02-23 18:21:33.990779-05'),
(687,	207,	'text',	'Pago Jade 155 soles',	'2026-02-23 18:21:45.597414-05'),
(688,	208,	'text',	'1 short 65 soles',	'2026-02-23 18:22:22.480925-05'),
(689,	208,	'text',	'1 polo manga corta 50 soles',	'2026-02-23 18:22:39.402154-05'),
(690,	208,	'text',	'1 polo 45 soles',	'2026-02-23 18:22:47.692954-05'),
(691,	208,	'text',	'1 short 70 soles',	'2026-02-23 18:22:57.401059-05'),
(692,	208,	'text',	'1 polo 50 soles',	'2026-02-23 18:23:06.2111-05'),
(693,	208,	'text',	'1 polo 45 soles',	'2026-02-23 18:23:13.169351-05'),
(694,	208,	'text',	'1 polo 45 soles',	'2026-02-23 18:23:21.746128-05'),
(695,	208,	'text',	'1 polo manga corta 30 soles',	'2026-02-23 18:23:28.974977-05'),
(696,	208,	'text',	'1 polo 50 soles',	'2026-02-23 18:23:40.352429-05'),
(697,	208,	'text',	'1 polo 95 soles en yape',	'2026-02-23 18:23:44.457617-05'),
(698,	208,	'text',	'1 polo 95 soles',	'2026-02-23 18:23:54.360724-05'),
(699,	208,	'text',	'1 conjunto 85 soles',	'2026-02-23 18:24:12.979367-05'),
(700,	208,	'text',	'1 polo 45 soles',	'2026-02-23 18:24:20.259268-05'),
(701,	208,	'text',	'1 polo 45 soles',	'2026-02-23 18:24:31.239863-05'),
(702,	208,	'text',	'1 pantalón 110 soles',	'2026-02-23 18:55:37.570765-05'),
(703,	208,	'text',	'1 short 65 soles',	'2026-02-23 18:55:47.099961-05'),
(704,	208,	'text',	'1 polo 50 soles',	'2026-02-23 18:55:55.263044-05'),
(705,	208,	'text',	'1 polo 45 soles',	'2026-02-23 19:46:11.723848-05'),
(706,	208,	'text',	'1 polo 38 soles',	'2026-02-23 19:46:19.980745-05'),
(707,	208,	'text',	'1 polo 45 soles',	'2026-02-23 19:46:29.366791-05'),
(708,	208,	'text',	'1 polo 50 soles',	'2026-02-23 19:55:41.987968-05'),
(709,	209,	'text',	'Comida 18 soles',	'2026-02-23 20:06:08.028745-05'),
(710,	209,	'text',	'Poet 3.50 soles',	'2026-02-23 20:07:25.47756-05'),
(711,	209,	'text',	'Incienso 2 soles',	'2026-02-23 20:07:35.303838-05'),
(712,	210,	'text',	'1 conjunto 95 soles',	'2026-02-23 20:23:22.30915-05'),
(713,	211,	'image',	NULL,	'2026-02-24 13:36:06.550263-05'),
(714,	211,	'image',	NULL,	'2026-02-24 14:20:11.678828-05'),
(715,	212,	'text',	'1 pantalón 78 soles en yape',	'2026-02-24 18:45:53.691121-05'),
(716,	212,	'text',	'1 pantalón 78 soles en yape',	'2026-02-24 18:46:08.862052-05'),
(717,	212,	'text',	'1 polo manga corta 28 soles en yape',	'2026-02-24 18:46:28.984575-05'),
(718,	212,	'text',	'1 polo manga corta 28 soles en yape',	'2026-02-24 18:46:39.284445-05'),
(719,	212,	'text',	'1 polo 45 soles en yape',	'2026-02-24 18:46:47.675262-05'),
(720,	212,	'text',	'1 camisa 75 soles en yape',	'2026-02-24 18:46:55.258554-05'),
(721,	212,	'text',	'1 camisa 75 soles en yape',	'2026-02-24 18:47:04.269308-05'),
(722,	212,	'text',	'1 conjunto 90 soles',	'2026-02-24 18:47:26.062669-05'),
(723,	212,	'text',	'1 pantalón 90 soles',	'2026-02-24 18:47:33.796434-05'),
(724,	212,	'text',	'1 casaca 95 soles',	'2026-02-24 18:47:47.334037-05'),
(725,	212,	'text',	'1 polo manga corta 30 soles en yape',	'2026-02-24 19:46:02.952839-05'),
(726,	212,	'text',	'1 camisa 80 soles en yape',	'2026-02-24 19:46:14.265674-05'),
(727,	213,	'text',	'Comida 18 soles',	'2026-02-24 19:49:13.803377-05'),
(728,	213,	'text',	'Gorra de Félix 50 soles en yape',	'2026-02-24 19:49:28.327274-05'),
(729,	214,	'text',	'1 conjunto 90 soles',	'2026-02-25 18:38:08.097101-05'),
(730,	214,	'text',	'1 polo 50 soles',	'2026-02-25 18:38:27.861701-05'),
(731,	214,	'text',	'1 polo manga corta 30 soles',	'2026-02-25 18:38:41.011256-05'),
(732,	214,	'text',	'1 pantalón 90 soles',	'2026-02-25 18:38:49.712217-05'),
(733,	214,	'text',	'1 pantalón 90 soles',	'2026-02-25 18:38:58.351813-05'),
(734,	215,	'text',	'Comida 18 soles',	'2026-02-25 21:22:01.339513-05'),
(735,	215,	'text',	'Incienso 4 soles',	'2026-02-25 21:22:10.744522-05'),
(736,	216,	'text',	'1 polo manga corta 20 soles',	'2026-02-26 22:28:02.678495-05'),
(737,	216,	'text',	'1 polo 50 soles',	'2026-02-26 22:28:36.100152-05'),
(738,	216,	'text',	'1 conjunto 95 soles en yape',	'2026-02-26 22:28:51.114449-05'),
(739,	216,	'text',	'1 camisa 70 soles',	'2026-02-26 22:29:04.453829-05'),
(740,	216,	'text',	'1 short 60 soles',	'2026-02-26 22:29:19.355429-05'),
(741,	217,	'text',	'Comida 18 soles',	'2026-02-26 22:33:17.445946-05'),
(742,	218,	'text',	'1 polo manga corta 25 soles',	'2026-02-27 18:59:33.253495-05'),
(743,	218,	'text',	'1 conjunto 90 soles',	'2026-02-27 18:59:45.562575-05'),
(744,	218,	'text',	'1 polo 90 soles',	'2026-02-27 18:59:57.84648-05'),
(745,	218,	'text',	'1 short 60 soles en yape',	'2026-02-27 19:00:06.358014-05'),
(746,	218,	'text',	'1 polo 95 soles',	'2026-02-27 19:00:16.612045-05'),
(747,	218,	'text',	'1 casaca 95 soles',	'2026-02-27 19:00:35.100759-05'),
(748,	218,	'text',	'1 casaca 95 soles',	'2026-02-27 19:09:52.911243-05'),
(749,	218,	'text',	'1 conjunto 185 soles en yape',	'2026-02-27 19:10:24.047086-05'),
(750,	218,	'text',	'1 polo 38 soles en yape',	'2026-02-27 19:10:44.056699-05'),
(751,	219,	'text',	'Comida 18 soles',	'2026-02-27 20:59:31.813181-05'),
(752,	219,	'text',	'Poet 7 soles',	'2026-02-27 20:59:51.172097-05'),
(753,	219,	'text',	'Lejía 2 soles',	'2026-02-27 20:59:59.938641-05'),
(754,	219,	'text',	'Pago de Internet 60 soles',	'2026-02-27 21:00:10.511118-05'),
(755,	220,	'text',	'1 conjunto 90 soles',	'2026-02-28 19:15:55.201816-05'),
(756,	220,	'text',	'1 conjunto 90 soles',	'2026-02-28 19:16:17.838993-05'),
(757,	220,	'text',	'1 polo 45 soles',	'2026-02-28 19:16:38.703537-05'),
(758,	220,	'text',	'1 conjunto 90 soles',	'2026-02-28 19:16:45.872665-05'),
(759,	220,	'text',	'1 conjunto 90 soles',	'2026-02-28 19:16:55.134707-05'),
(760,	220,	'text',	'1 short 80 soles',	'2026-02-28 19:17:02.415071-05'),
(761,	220,	'text',	'1 polo 85 soles en yape',	'2026-02-28 19:17:11.575085-05'),
(762,	220,	'text',	'1 polo 45 soles',	'2026-02-28 19:17:17.814211-05'),
(763,	220,	'text',	'1 polo 45 soles',	'2026-02-28 19:17:24.335523-05'),
(764,	220,	'text',	'1 pantalón 120 soles',	'2026-02-28 19:17:45.295472-05'),
(765,	220,	'text',	'1 polo 50 soles en yape',	'2026-02-28 19:21:27.442679-05'),
(766,	220,	'text',	'1 polo 50 soles',	'2026-02-28 19:21:36.570282-05'),
(767,	220,	'text',	'1 polo manga corta 30 soles',	'2026-02-28 21:09:07.333038-05'),
(768,	220,	'text',	'1 polo 90 soles en yape',	'2026-02-28 21:09:20.593347-05'),
(769,	220,	'text',	'1 pantalón 75 soles en yape',	'2026-02-28 21:09:46.494772-05'),
(770,	220,	'text',	'1 pantalón 60 soles',	'2026-03-02 09:03:59.392379-05'),
(771,	221,	'text',	'Compartilhei um site muito divertido para você! Há uma enorme quantidade de jogos nele, venha jogar comigo～ https://k.likechun.com/t/tCx64CrR',	'2026-04-07 10:40:43.804097-05');

DROP TABLE IF EXISTS "users";
DROP SEQUENCE IF EXISTS users_id_seq;
CREATE SEQUENCE users_id_seq INCREMENT 1 MINVALUE 1 MAXVALUE 2147483647 CACHE 1;

CREATE TABLE "public"."users" (
    "id" integer DEFAULT nextval('users_id_seq') NOT NULL,
    "telegram_user_id" bigint NOT NULL,
    "first_name" text,
    "username" text,
    "created_at" timestamptz DEFAULT now(),
    "mode" text DEFAULT 'personal' NOT NULL,
    CONSTRAINT "users_pkey" PRIMARY KEY ("id")
)
WITH (oids = false);

CREATE UNIQUE INDEX users_telegram_user_id_key ON public.users USING btree (telegram_user_id);

INSERT INTO "users" ("id", "telegram_user_id", "first_name", "username", "created_at", "mode") VALUES
(144,	8379710966,	'luis',	NULL,	'2026-01-06 13:05:47.990353-05',	'personal'),
(119,	6801820647,	'Jade',	NULL,	'2026-01-06 10:35:24.203667-05',	'personal'),
(1233,	8532062424,	'ALYSON',	NULL,	'2026-04-07 10:40:43.726146-05',	'contable'),
(126,	5787727900,	'Jorge',	NULL,	'2026-01-06 10:51:29.27876-05',	'personal'),
(1,	6561345367,	'Felix',	'felixram30',	'2026-01-06 00:03:42.362281-05',	'personal');

DROP TABLE IF EXISTS "web_user_users";
CREATE TABLE "public"."web_user_users" (
    "web_user_id" bigint NOT NULL,
    "user_id" bigint NOT NULL,
    "created_at" timestamptz DEFAULT now() NOT NULL,
    CONSTRAINT "web_user_users_pkey" PRIMARY KEY ("web_user_id", "user_id")
)
WITH (oids = false);

CREATE INDEX idx_wuu_user_id ON public.web_user_users USING btree (user_id);

INSERT INTO "web_user_users" ("web_user_id", "user_id", "created_at") VALUES
(1,	1,	'2026-01-15 03:56:14.566465-05'),
(1,	119,	'2026-01-15 03:56:50.243976-05'),
(2,	144,	'2026-01-15 04:22:09.877566-05');

DROP TABLE IF EXISTS "web_users";
DROP SEQUENCE IF EXISTS web_users_id_seq;
CREATE SEQUENCE web_users_id_seq INCREMENT 1 MINVALUE 1 MAXVALUE 9223372036854775807 CACHE 1;

CREATE TABLE "public"."web_users" (
    "id" bigint DEFAULT nextval('web_users_id_seq') NOT NULL,
    "name" character varying(120) NOT NULL,
    "email" character varying(190) NOT NULL,
    "password_hash" text NOT NULL,
    "role" character varying(20) DEFAULT 'admin' NOT NULL,
    "is_active" boolean DEFAULT true NOT NULL,
    "created_at" timestamptz DEFAULT now() NOT NULL,
    "updated_at" timestamptz DEFAULT now() NOT NULL,
    CONSTRAINT "web_users_pkey" PRIMARY KEY ("id")
)
WITH (oids = false);

CREATE UNIQUE INDEX web_users_email_key ON public.web_users USING btree (email);

INSERT INTO "web_users" ("id", "name", "email", "password_hash", "role", "is_active", "created_at", "updated_at") VALUES
(1,	'Felix Admin',	'admin@admin.com',	'$2y$10$9xU3PA9yeCpl6nfiQnUtiOF20y2SNWVrF6ASWjWGvnUY8n/tGtSdW',	'admin',	't',	'2026-01-14 18:01:31.074027-05',	'2026-01-14 18:01:31.074027-05'),
(2,	'luchito',	'luchitomodamasculina@gmail.com',	'$2y$10$0Edgkf2jsx4vbDJ1uZ1SRuKT6PM6aSCpj5HzgPIZkBrKshWIAudYW',	'admin',	't',	'2026-01-14 18:47:19.387687-05',	'2026-01-14 18:47:19.387687-05');

DELIMITER ;;

CREATE TRIGGER "trg_web_users_updated" BEFORE UPDATE ON "public"."web_users" FOR EACH ROW EXECUTE FUNCTION set_updated_at();;

DELIMITER ;

ALTER TABLE ONLY "public"."batches" ADD CONSTRAINT "batches_user_id_fkey" FOREIGN KEY (user_id) REFERENCES users(id) NOT DEFERRABLE;

ALTER TABLE ONLY "public"."items" ADD CONSTRAINT "items_batch_id_fkey" FOREIGN KEY (batch_id) REFERENCES batches(id) ON DELETE CASCADE NOT DEFERRABLE;

ALTER TABLE ONLY "public"."raw_inputs" ADD CONSTRAINT "raw_inputs_batch_id_fkey" FOREIGN KEY (batch_id) REFERENCES batches(id) ON DELETE CASCADE NOT DEFERRABLE;

ALTER TABLE ONLY "public"."web_user_users" ADD CONSTRAINT "fk_wuu_user" FOREIGN KEY (user_id) REFERENCES users(id) ON DELETE CASCADE NOT DEFERRABLE;
ALTER TABLE ONLY "public"."web_user_users" ADD CONSTRAINT "fk_wuu_web_user" FOREIGN KEY (web_user_id) REFERENCES web_users(id) ON DELETE CASCADE NOT DEFERRABLE;

-- 2026-04-23 17:59:59 UTC
